CS3530,3630POMPOSO,ADANSI,MTN,91.7,0.000501,,,923.2,,,,942.7,,,,1810,0.000173,,,1815,,,,1819,,,,2122,0.000136,,,2124,,,,,,,
,Akapporiso,ADANSI,AIRTEL,926.2,0.000149,,,936.7,,,,954.2,,,,1818,0.000129,,,1824,,,,1830,,,,0,,,,,,,,,,,
,Nyankumaso,ADANSI,AIRTEL,919.7,0.000189,,,945.7,,,,957.4,,,,1844,0.000101,,,1847,,,,1850,,,,2120,0.000127,,,2124,,,,2126,,,
CS1681,1681APAGYA,ADANSI EAST,MTN,915.7,0.000215,,,951.7,,,,962.2,,,,1818,0.000289,,,1820,,,,1825,,,,2120,0.000255,,,2125,,,,2135,,,
,1692KWABENAKWA,ADANSI EAST,MTN,932.2,0.000745,,,954.2,,,,959.7,,,,1821,0.000164,,,1826,,,,1829,,,,2120,0.000214,,,2124,,,,2126,,,
CS 1698,1698ASONKORE_OB,ADANSI EAST,mtn,911.2,0.00025034,,,917.7,,,,958.7,,,,1814,0.00016328,,,1819,,,,1821,,,,2122,0.00004908,,,2147,,,,2129,,,
CS3712,3712KOWEA,ADANSI EAST,MTN,920.2,0.000641,,,944.2,,,,932.7,,,,1801,0.000161,,,1812,,,,1820,,,,2122,0.000121,,,,,,,,,,
CS2227/ASB1233,ADANSI_BROFOYEDRU,ADANSI NORTH,VODAFONE,922.2,0.000167,,,936.7,,,,946.7,,,,,,,,,,,,,,,,,,,,,,,,,,,
CS2439,Akrokerri,ADANSI NORTH,TIGO,931.2,0.000138,,,953.2,,,,99.2,,,,1808,0.0000348,,,1829,,,,1899,,,,2163,0.0000367,,,,,,,,,,
CS2262,AKWANSEREM,ADANSI NORTH,VODAFONE,9272.2,0.000542,,,938.7,,,,946.7,,,,,,,,,,,,,,,,,,,,,,,,,,,
CS2526,ANHWIASO,ADANSI NORTH,VODAFONE,945.2,0.00039,,,959.7,,,,,,,,,,,,,,,,,,,,,,,,,,,,,,,
CS2690/ASB1206,ASOKWA_JUNCTION,ADANSI NORTH,VODAFONE,925.7,0.000353,,,931.2,,,,945.7,,,,,,,,,,,,,,,,,,,,,,,,,,,
CS2928/ASB1135,BODWESANGO,ADANSI NORTH,VODAFONE,933.7,0.000476,,,944.7,,,,953.7,,,,1821,0.0000458,,,1860,,,,1866,,,,,,,,,,,,,,,
,DCS_NEW_EDUBIASE,ADANSI NORTH,VODAFONE,914.2,0.000284,,,918.7,,,,922.7,,,,1809,0.008919,,,1812,,,,1818,,,,2121,,,,2126,,,,2127,,,
CS35T20/ASB1055,DOMPOASE_GT,ADANSI NORTH,VODAFONE,925.7,0.0000236,,,932.2,,,,951.2,,,,,,,,1853,0.002525,,,,,,,,,,,,,,,,,,
CS 3675,Fomena,ADANSI NORTH,Tigo,935.2,0.0003601,,,955.2,,,,958.7,,,,1830,0.00006106,,,1828,,,,1826,,,,2122,0.00004883,,,2163,,,,,,,
CS3696/ASR1210,FUMSO,ADANSI NORTH,VODAFONE,936.2,0.000275,,,945.7,,,,953.7,,,,,,,,,,,,,,,,,,,,,,,,,,,
ASB/3500,WHEREMOASE,ADANSI NORTH,VODAFONE,925.7,0.00007268,,,948.7,,,,949.2,,,,,,,,,,,,,,,,2138,0.00012615,,,2163,,,,,,,
CS4498/1261,New Edubiase,ADANSI SOUTH,TIGO ,937.2,0.0000687,,,943.7,,,,939.2,,,,1832,0.00021,,,1844,,,,1877,,,,2147,0.0000226,,,,,,,,,,
CS4500/ASR1057,NEW_EDUBIASE,ADANSI SOUTH,VODAFONE,939.2,0.002686,,,943.7,,,,951.2,,,,1880,0.000205,,,1892,,,,1896,,,,2150,0.005273,,,,,,,,,,
AR 0663,0663AGONA,AFIGYA SEKYERE,MTN,957.2,0.00000009,,0.09,1850,0.002163,,0.14,2163,0.000025,,0.27,957.2,0.00000028,,0.09,1842,,,0.28,2162,,,0.13,,,,,,,,,,,,
1610,1610AHENKRO,AFIGYA SEKYERE,MTN,958.2,0.00000058,,0.58,1860,,,1.15,,0.00003,,,958.1,0.00000011,,0.76,1860,0.0009592,,0.11,,0.000063,,,959.2,,,0.72,1860,,,0.11,,,,
,Agona,AFIGYA SEKYERE,AIRTEL,,,,,,,,,,,,,,,,,,,,,,,,,,,,,,,,,,,,
ARB 1053,AGONA_GT,AFIGYA SEKYERE,VODAFONE,,,,,,,,,,,,,,,,,,,,,,,,,,,,,,,,,,,,
ASB 1185,CIC_NKWANTA_KESSE,AFIGYA SEKYERE,VODAFONE,944.2,0.00000026,,0.26,,0.00216,,,2160,0.000039,,0.32,945.2,0,,0.23,,0.0009467,,,2160,0,,0.26,946.7,0.00000025,,0.32,,,,,2160,,,0.25
,Efidwase,AFIGYA SEKYERE,EXPRESSO,957.2,0.00000006,,0.06,1854,0.002138,,0.09,2138,0.000039,,0.02,945.2,0.00000003,,0.13,1854,0.0009457,,0.03,2169,0.000043,,0.04,945.7,0.00000002,,0.05,1854,,,0.09,2136,,,0.02
ASB 1215,TANO_ODUMASI,AFIGYA SEKYERE,VODAFONE,947.7,0.00000026,,0.26,,0.002162,,,2162,0.000023,,0.14,946.2,0,,0.79,,0.0002447,,,2158,0,,0.14,244.7,0.00000014,,0.44,,,,,2169,,,0.14
,Wiamose,AFIGYA SEKYERE,AIRTEL,931.7,0.00095895,,,947.2,,,,950.7,,,,1811,0.00034647,,,1823,,,,1854,,,,2122,0.00092718,,,2164,,,,2164,,,
,3600ANYINASUSO,AHAFO ANO SOUTH,MTN,954.2,0.00000091,,0.91,,,,,,0.000019,,,955.2,0,,1.06,1830,0.0009552,,0,,0,,,955.2,,,0.47,,,,,,,,
,Dwoamin,AMANSIE,AIRTEL,918.8,0.000321,,,921.7,,,,930.2,,,,1800,0.000312,,,1809,,,,1818,,,,2121,0.000214,,,2129,,,,2139,,,
,Jacobu - Ashanti,AMANSIE,AIRTEL/TIGO,,,,,,,,,,,,,,,,,,,,,,,,,,,,,,,,,,,,
CS438/1859,Manso Adubia,AMANSIE,TIGO,922.7,0.0000813,,,931.2,,,,947.2,,,,1815,0.0000858,,,1824,,,,,,,,,,,,,,,,,,,
CS4609/1825,NYINAHIN,AMANSIE,TIGO,946.7,0.000857,,,939.2,,,,946.7,,,,1823,0.000453,,,1816,,,,,,,,,,,,,,,,,,,
CS2547,Anwia Nkwanta,AMANSIE  CENTRAL,TIGO,930.2,0.000125,,,938.7,,,,953.7,,,,1829,0.00086,,,,,,,,,,,,,,,,,,,,,,
CS3857/1822,Jacobu,AMANSIE CENTRAL,TIGO/AIRTEL,931.2,0.048299,,,937.7,,,,954.7,,,,,0.00182,,23.59,1844,,,,1860,,,,,,,,,,,,,,,
CS2B71/ASB1011,0380BEKWAI_RBT,AMANSIE EAST,MTN,937,0.00033,,,947.2,,,,951.2,,,,1806,0.000308,,,1836,,,,1844,,,,2136,0.0000433,,,2163,,,,2170,,,
CS0526/0686,0686JACOBU,AMANSIE EAST,MTN/AIRTEL,931.2,0.000889,,,939.2,,,,954.2,,,,1844,0.001471,,,1860,,,,1874,,,,,,,,,,,,,,,
CS0528/AR0688,0688BEKWAI,AMANSIE EAST,MTN,931.7,0.00058,,,958.7,,,,959.7,,,,1805,0.0000442,,,1921,,,,1844,,,,2123,0.000325,,,2163,,,,,,,
ARO95/CS0164,0951AKROKERRI,AMANSIE EAST,MTN,936.2,0.000509,,,958.2,,,,959.3,,,,1824,0.00004,,,1852,,,,1860,,,,2162,0.000401,,,,,,,,,,
CS0701/AR0969,0969POANO,AMANSIE EAST,MTN,925.2,0.000316,,,952.7,,,,959.2,,,,1823,0.000037,,,1831,,,,1853,,,,,,,,,,,,,,,
CS1081,1686BEKWAI_2,AMANSIE EAST,MTN,931.7,0.00044,,,954.7,,,,959.7,,,,1806,0.000067,,,1823,0.001839,,,2139,,,,2139,0.0000542,,2163,2170,,,,,,,
CS1422/2649,2649AW_KWANTA,AMANSIE EAST,MTN,938.7,0.000405,,,956.7,,,,,,,,1802,0.0000562,,,1829,,,,1860,,,,,,,,,,,,,,,
CS 1461,2690AMENASE,AMANSIE EAST,MTN,946.2,0.00051505,,,953.2,,,,938.2,,,,1806,0.00003649,,,1844,,,,,,,,2121,,,,2161,,,,,,,
CS173/2983,2983ASIWA,AMANSIE EAST,MTN,947.2,0.000764,,,955.9,,,,959.2,,,,1821,0.000186,,,1847,,,,1867,,,,,,,,,,,,,,,
CS1747/AR2997,2997TEBESO,AMANSIE EAST,MTN,944.2,0.000194,,,950.2,,,,962.2,,,,,,,,,,,,,,,,,,,,,,,,,,,
CS175/36O1,3601FERESO,AMANSIE EAST,MTN,936.7,0.000385,,,944.1,,,,954.7,,,,,,,,,,,,,,,,,,,,,,,,,,,
CS1752,3602SANFO_ADUM,AMANSIE EAST,MTN,934.2,0.000491,,,944.2,,,,952.2,,,,1842,0.0000293,,,,,,,,,,,,,,,,,,,,,,
CS1758/AR3608,3608MEDOMA_AR,AMANSIE EAST,MTN,926.7,0.000298,,,958.7,,,,959.2,,,,1823,0.0000448,,,1851,,,,,,,,,,,,,,,,,,,
CS1782/3682,3632BEKWAI_3,AMANSIE EAST,MTN,944.2,0.000388,,,955.2,,,,959.2,,,,1821,0.0000639,,,1830,,,,,,,,,,,,,,,,,,,
CS 1998/3949,3949OFO_KOKOBEN,AMANSIE EAST,MTN,947.2,0.00089917,,,952.7,,,,959.2,,,,1829,0.00046585,,,,,,,,,,,,,,,,,,,,,,
CS2090ASB1197,ABESEWA,AMANSIE EAST,VODAFONE,924.7,0.00022,,,938.7,,,,946.2,,,,1842,0.000107,,,1875,,,,,,,,,,,,,,,,,,,
CS2494/ASB1198,AMANFUR_BOGYAWE,AMANSIE EAST,VODAFONE,937.2,0.0001,,,944.2,,,,959.1,,,,,,,,,,,,,,,,,,,,,,,,,,,
CS2548/ASR1136,ANWIANKWANTA,AMANSIE EAST,VODAFONE,948.2,0.000176,,,953.2,,,,959.7,,,,1821,0.002838,,,1830,,,,1860,0.000076,,,,,,,,,,,,,,
CS2867/ASB1221,BEKWAE_ADANKRAGYA,AMANSIE EAST,Vodafone,922.7,0.00023435,,,932.2,,,,934.3,,,,1806,0.00088971,,,1832,,,,1844,,,,,,,,,,,,,,,
CS3660/ASR112O,FERESO,AMANSIE EAST,VODAFONE,921.7,0.000538,,,954.7,,,,939.7,,,,,,,,,,,,,,,,,,,,,,,,,,,
,Ntonso,AMANSIE EAST,Airtel,919.7,0.00037528,,,924.7,,,,960.2,,,,1810,0.0000887,,,1821,,,,1835,,,,2127,0.00011421,,,2138,,,,2188,,,
CS474,0474ASOKORE_MPG,AMANSIE WEST,MTN,944.2,0.0000895,,,958.7,,,,958.2,,,,1823,0.0000591,,,,,,,,,,,,,,,,,,,,,,
CS1005/1601,1601ANTOAKUROM,AMANSIE WEST,MTN,944.2,0.00058,,,951.2,,,,959.7,,,,,,,,,,,,,,,,,,,,,,,,,,,
CS1077/AR1674,1674MANSO_ATWRE,AMANSIE WEST,MTN,946.7,0.000138,,,958.2,,,,959.7,,,,1821,0.0000483,,,1813,,,,1860,,,,2134,0.0000634,,,,,,,,,,
1394/2620,2620MANS_EDUBIA,AMANSIE WEST,MTN,943.7,0.000484,,,952.1,,,,956.2,,,,1821,0.0000733,,,1843,,,,1860,,,,,,,,,,,,,,,
CS1452,2681BONSAASO,AMANSIE WEST,MTN/AIRTEL,921.7,0.000368,,,931.7,,,,953.2,,,,1830,0.0000619,,,1859,,,,1864,,,,2128,0.000303,,,,,,,,,,
CS1808/GH0735,3665KYREKYREKRO,AMANSIE WEST,MTN,957.2,0.000349,,,959.7,,,,,,,,1820,0.000179,,,1860,,,,,,,,2117,0.000226,,,2128,0.000216,,,,,,
CS1809 ,3666DATANO,AMANSIE WEST,MTN/AIRTEL,933.2,0.000196,,,955.2,,,,929.2,,,,1821,0.0000588,,,1830,,,,1860,,,,2152,0.000216,,,2152,,,,2168,,,
200/1202,3952MANSO_ABORE,AMANSIE WEST,MTN,946.2,0.000489,,,958.2,,,,959.2,,,,,,,,,,,,,,,,,,,,,,,,,,,
CS2004/1711,3966ASSUOWIN,AMANSIE WEST,MTN,945.2,0.00051,,,953.2,,,,959.2,,,,,,,,,,,,,,,,,,,,,,,,,,,
CS2361/ASR1226,AGROYESUM,AMANSIE WEST,VODAFONE,957.7,0.000318,,,,,,,,,,,1812,,,,1860,,,,,,,,,,,,,,,,,,,
CS237/ASB1165,AHWEREWA,AMANSIE WEST,VODAFONE,936.2,0.000119,,,944.2,,,,959.1,,,,,,,,,,,,,,,,,,,,,,,,,,,
CS 2542/Asb 1134,AHWEREWA,AMANSIE WEST,Vodafone,935.2,0.00018917,,,939.2,,,,959.7,,,,1868,0.00002468,,,1877,,,,,,,,2127,0.00021421,,,2138,,,,,,,
CS4381,Manso Agroyesum,AMANSIE WEST,Tigo,935.7,0.00001309,,,942.2,,,,955.2,,,,1821,0.00007431,,,1830,,,,,,,,2123,0.00013917,,,2138,,,,,,,
CS4387,Manso Nkwanta,AMANSIE WEST,TIGO,936.7,0.0000251,,,944.7,,,,953.7,,,,1812,0.000138,,,1823,,,,,,,,,,,,,,,,,,,
CS4388/ASP1072,MANSO_NKWANTA_GT,AMANSIE WEST,VODAFONE,946.2,0.000435,,,958.7,,,,959.2,,,,1814,0.000159,,,1824,,,,,,,,,,,,,,,,,,,
,Agogo,ASANTE AKIM,Airtel,955.2,0.0003135,,,959.2,,,,950.2,,,,1800,0.00002381,,,,,,,,,,,2122,0.00084518,,,2164,,,,,,,
,Agogo_2,ASANTE AKIM,Airtel,931.7,0.00068394,,,932.7,,,,950.2,,,,1800,0.00002849,,,1805,,,,1810,,,,2122,0.00084518,,,2164,,,,2129,,,
,Bekwai_2,ASANTE AKIM,Airtel,913,0.00013889,,,954.7,,,,944.7,,,,1818,0.0000781,,,1821,,,,1825,,,,,,,,,,,,,,,
AR0640,0640KONONGO,ASANTE AKIM NORTH,MTN,1957.7,0.000034,,0.18,1830,0.000046,,0.06,,,,,959.2,0.000044,,0.05,1830,0.00006,,0.03,,,,,,,,,9587.7,0.00004,,0.08,1830,0.000061,,0
685,0685AGOGO_ASHNT,ASANTE AKIM NORTH,MTN/AIRTEL,959.2,0.00005,,0.22,1860,0.000069,,0.06,959.2,0.00003,,0.29,1823,0.00005,,0.29,1823,0.00005,,0.04,,0,,,959.2,0.000049,,0.2,1860,0.000069,,0.04,,0,,
,0941KONONGO_2,ASANTE AKIM NORTH,MTN,954.2,0.00002,,0.88,1851,0.000069,,0.88,,,,,958.1,0.000082,,0.8,1851,0.000063,,0,,,,,959.2,0.000062,,0.82,1851,0.000064,,0,,0,,
,0982AGOGO_2,ASANTE AKIM NORTH,MTN,958.2,0.000029,,0.32,1860.2,0.000063,,0.14,2162,0.000044,,0.08,958.2,0.000048,,0.18,1860,0.000065,,0.1,2170,0.000069,,0.19,958.2,0.000029,,0.32,1860,0.000063,,0.14,2162,0.000044,,0.08
3637,3637EJISU_3,ASANTE AKIM NORTH,MTN,953.7,0.000028,,0.71,1880,0.00007,,0,2161,0.000063,,0.19,956.7,0.000024,,0.55,1880,0.000067,,0.01,2170,0.000067,,0.14,954.7,0.000031,,0,1860,0.000066,,0,2151,0.000065,,0.11
1268,Agogo,ASANTE AKIM NORTH,TIGO,956.7,0.000043,,0.13,1860,0.000068,,0.8,2163,0.000053,,0.08,945.2,0.000045,,0.04,1860,0.00007,,0.02,2162,0.000065,,0,955,0.000048,,0.03,1860,0.000067,,0.01,2162,0.00007,,0.01
GH0097,Agogo,ASANTE AKIM NORTH,AIRTEL,,,,,,,,,,,,,,,,,,,,,,,,,,,,,,0,,,,0,,
,Agogo,ASANTE AKIM NORTH,Tigo,936.2,0.00001477,,,945.2,,,,943.2,,,,1823,0.00000623,,,,,,,,,,,2121,0.00013917,,,2124,,,,,,,
ASB1103,AGOGO_GSM,ASANTE AKIM NORTH,VODAFONE,951.7,0.000046,,0.13,1860,0.00007,,0.07,2164,0.000059,,0.33,956.7,0.000036,,0.98,1860,0.000067,,0.06,2160,0.000058,,0.36,958.2,0.000032,,0.22,1860,0.00005,,0.03,2160,0.00006,,0.25
,Amoyu,ASANTE AKIM NORTH,AIRTEL,921.2,0.0003077,,,925.7,,,,945.2,,,,1818,0.00086888,,,,,,,,,,,2122,0.00036029,,,,,,,,,,
,Konongo,ASANTE AKIM NORTH,Tigo,936.2,0.00001477,,,945.2,,,,,,,,1823,,,,,,,,,,,,,0,,,,,,,,,,
,Konongo Odumasi,ASANTE AKIM NORTH,Tigo,928.2,0.00022189,,,935.2,,,,952.2,,,,1823,0.00012423,,,1828,,,,1837,,,,2127,0.0001719,,,,,,,2190,,,
1238,KONONGO_GT,ASANTE AKIM NORTH,TIGO/VODAFONE,953.2,0.000039,,0.16,1860,0.000068,,0.04,,,,,953.2,0.000041,,0.15,1880,0.000068,,0.07,,0,,,943.7,0.00004,,0.11,1842,0.00005,,0.03,,0,,
,KONONGO_GT,ASANTE AKIM NORTH,VODAFONE/AIRTEL,919.7,0.000228,,,927.7,,,,935.2,,,,1819,0.00022,,,1823,,,,1830,,,,2120,0.000547,,,2123,,,,2925,,,
CSO478,0636JUASO,ASANTE AKIM SOUTH,MTN,945.2,0.00097,,,955.2,,,,,,,,1824,0.000271,,,1842,,,,1860,,,,,,,,,,,,,,,
CS0765,0952ATWEDIE,ASANTE AKIM SOUTH,MTN,947.2,0.00078,,,952.7,,,,959.2,,,,1844,0.000595,,,,,,,,,,,,,,,,,,,,,,
CS07771,0965BOGU,ASANTE AKIM SOUTH,MTN/AIRTEL,925.2,0.000816,,,956.7,,,,,,,,1811,0.000236,,,1880,,,,,,,,,,,,,,,,,,,
CS1298/1916,1916BOMPATA,ASANTE AKIM SOUTH,MTN,927.2,0.00083,,,952.7,,,,959.2,,,,1880,0.0000227,,,,,,,,,,,,,,,,,,,,,,
2657/CS1428,2657YAWKWEI,ASANTE AKIM SOUTH,MTN,933.2,0.000999,,,953.2,,,,959.2,,,,1853,0.000139,,,,,,,,,,,,,,,,,,,,,,
CS1731,2980ADOMFE,ASANTE AKIM SOUTH,MTN,927.2,0.000943,,,952.2,,,,958.7,,,,188O,0.000264,,,,,,,,,,,,,,,,,,,,,,
CS1912,3800YAWBRONYA,ASANTE AKIM SOUTH,MTN,945.2,0.000272,,,953.2,,,,959.2,,,,,,,,,,,,,,,,,,,,,,,,,,,
CS2609,Asankare,ASANTE AKIM SOUTH,TIGO/VODAFONE,935.2,0.000161,,,948.7,,,,959.2,,,,1844,0.001414,,,1816,,,,1872,,,,,,,,,,,,,,,
CS2611,ASANKARE,ASANTE AKIM SOUTH,VODAFONE/TIGO,,,,,,,,,,,,,,,,,,,,,,,,,,,,,,,,,,,,
CS3128,Dadieso,ASANTE AKIM SOUTH,TIGO,936.7,0.0000432,,,947.3,,,,951.2,,,,1823,0.0000873,,,1827,,,,,,,,,,,,,,,,,,,
CS3906,JUASO,ASANTE AKIM SOUTH,VODAFONE,931.2,0.000563,,,936.2,,,,958.2,,,,1823,0.0000622,,,1841,,,,1854,,,,,,,,,,,,,,,
CS39O5,Juaso,ASANTE AKIM SOUTH,TIGo,930.2,0.0000638,,,942.2,,,,958.7,,,,1841,0.0000464,,,1841,,,,1865,,,,,,,,,,,,,,,
51,Effiduase,Ashanti,Airtel,930.2,0.00004395,,,945.7,,,,949.2,,,,1854,0.00007085,,,1877,,,,1880,,,,2123,0.0001249,,,2139,,,,2159,,,
0918,0918NYINAHENE,ATWIMA,MTN,953.2,0.00000017,,0.17,1860,,,0.09,,0.000027,,,953.2,0.0000001,,0.4,1860,0.0009592,,0.10,,0.000062,,,959.2,,,0.24,1860,,,0.13,,,,
923,0923ATWIMA,ATWIMA,MTN,957.2,0.00000123,,1.23,1854,0.002162,,0.27,2162,0.000029,,0.15,957.2,0.00000015,,1.05,1854,0.0009572,,0.15,2163,0.000053,,0.28,957.2,0.00000106,,0.20,1854,,,0.29,2162,,,1.06
984,0984BAREKESE,ATWIMA,MTN,954.2,0.000041,,41,0.19,,,,,0.001851,,23,0.78,0.000029,,48,0.07,0.00000017,,29,1.92,0,,43,0.17,,,,,,,,,,,
1321,1321ATWIMA_TADI,ATWIMA,MTN,957.2,0.00000074,,0.74,,,,,,0.000023,,,954.7,0,,0.89,,0.0009592,,,,0,,,959.2,,,0.89,,,,,,,,
AR 1675,1675SAMPRONO,ATWIMA,MTN,958.7,0.00000083,,0.83,1860,,,0.08,,0.000028,,,957.2,0.00000008,,0.63,1860,0.0009572,,0.08,,0.000063,,,957.2,,,0.74,1860,,,0.15,,,,
1919,1919ATWIMA_KDUA,ATWIMA,MTN,955.2,0.00000071,,0.71,1851,,,0.20,,0.000023,,,955.2,0.00000019,,1.87,1853,0.0009562,,0.19,,0.000059,,,956.2,,,0.43,1853,,,0.24,,,,
1934,1934MPASATIA,ATWIMA,MTN,957.2,0.00000049,,0.49,1844,,,0.01,,0.000039,,,954.7,0.00000001,,0.34,1844,0.0009552,,0.01,,0.000067,,,955.2,,,0.20,1838,,,0.01,,,,
1937,1937NYINAWASO,ATWIMA,MTN,955.2,0.00000041,,0.41,1835,,,0.01,,0.000049,,,956.20,0,,0.29,1832,0.0009552,,0,,0.00006,,,955.2,,,0.38,1835,,,0.01,,,,
1945,1945NNEREBEHI,ATWIMA,MTN,959.2,0.00000115,,1.15,1833,,,0,,0.000021,,,955.2,0,,0.94,1833,0.0009552,,0,,0.00007,,,955.2,,,1.02,1836,,,0,,,,
1952,1952SEPAASE,ATWIMA,MTN,959.7,0.00000053,,0.53,1853,,,0,,0.000039,,,957.2,0,,0.80,1854,0.0009553,,0,,0,,,955.3,,,0.40,,,,,1853,,,0
2982,2982FUFUO,ATWIMA,MTN,953.2,0.00000065,,0.65,,,,,,0.000028,,,953.7,0,,0.77,,0.0009542,,,,0,,,954.2,,,0.38,,,,,,,,
AR 2987,2987AKROPONG,ATWIMA,MTN,959.2,0.00000129,,1.29,1851,,,0.01,,0.000023,,,954.2,0.00000001,,0.75,1851,0.0009542,,0.01,,0.000062,,,954.2,,,0.30,1851,,,0.01,,,,
,2994ATWIMA_BOKO,ATWIMA,mtn,921.5,0.00015979,,,926.7,,,,920.2,,,,1818,0.0001085,,,1821,,,,1836,,,,2124,0.00017921,,,2128,,,,2131,,,
0962,3604AGOGOSO,ATWIMA,MTN,956.7,0.00000097,,0.97,1847,,,0.42,,0.000037,,,956.2,0.00000014,,1.96,1846,0.0009592,,0.14,,0.000048,,,959.2,,,0.62,1836,,,0.24,,,,
3604,3604AGOGOSO,ATWIMA,MTN,958.2,0.00000117,,1.17,,,,,,0.000027,,,959.2,0,,0.92,,0.0009592,,,,0,,,959.2,,,0.94,,,,,,,,
,Kotokuom,ATWIMA,EXPRESSO,951.2,0,,0,,,,,,0.000069,,,950.2,0,,0,,0.0009512,,,,,,,951.2,,,0,,,,,,,,
1806,Duase,ATWIMA MPONUA,TIGO,938.7,0.00000031,,0.31,1853,0.002162,,0.03,2162,0.00003,,0.03,937.2,0.00000001,,0.35,1851,0.0009537,,0.01,2162,0.000056,,0.01,953.7,0.00000001,,0.34,1853,,,0.07,2162,,,0.01
GH0422,Nyinahin,ATWIMA MPONUA,AIRTEL,953.7,0.00000041,,0.41,1823,,,0.03,,0.000046,,,946.2,0.00000003,,0.27,1860,0.0009467,,0.03,,0.000056,,,946.7,,,0.34,1823,,,0.01,,,,
ASB 1131,AdanKwame(Barekese) 1800,ATWIMA NWABIAGYA,TIGO,954.2,0.00000049,,0.49,1851,,,0.50,,0.000033,,,953.2,0.0000001,,0.29,1844,0.0009547,,0.10,,0.000035,,,954.7,,,0.42,1851,,,0.29,,,,
ASB 1065,DCS_KWANFINIFINI_GT,ATWIMA NWABIAGYA,VODAFONE,957.2,0.00000002,,0.02,1860,,,0.24,,0.000057,,,944.7,0.0000001,,0.02,1860,0.0009522,,0.10,,0.000067,,,952.2,,,0.03,1860,,,0.06,,,,
ARB 1068,DCS_NKAWIE,ATWIMA NWABIAGYA,VODAFONE,940.7,0.00000012,,0.12,1851,,,0.15,,0.000043,,,940.7,0.00000014,,0.15,1841,0.0009412,,0.14,,0.000069,,,941.2,,,0.14,1843,,,0.18,,,,
1233,Nkawie,ATWIMA NWABIAGYA,TIGO,953.2,0.00000005,,0.05,1841,,,0.07,,0.000049,,,957.2,0.00000005,,0.04,1841,0.0009532,,0.05,,0.000045,,,953.2,,,0.06,1842,,,0.02,,,,
old85,Toase(old85),ATWIMA NWABIAGYA,EXPRESSO,953.2,0.00000024,,0.24,1838,,,0.17,,0.00005,,,953.2,0.00000005,,0.06,1860,0.0009532,,0.05,,0.000069,,,953.2,,,0.13,1832,,,0.17,,,,
0900,0900KOKOBEN,ATWIMA-KWANWOMA,MTN/Airtel,930.2,0.00004197,,0.29,956.2,0.00026526,,0.74,955.2,0.00012977,,0.34,1829,0.00003372,,0.19,1823,0.00005548,,0.24,1823,0.00011153,,0.34,2162,0.00005069,,0.22,2162,0.0000466,,0.23,,,,
,1952SEPAASE,ATWIMA-KWANWOMA,MTN/AIRTEL/TIGO,94.2,0.000189,,,928.7,,,,935.1,,,,1821,0.000289,,,1828,,,,,,,,2126,0.000173,,,2131,,,,2140,,,
2994,2994ATWIMA_BOKO,ATWIMA-KWANWOMA,MTN/Airtel,952.2,0.00076487,,1.26,957.2,0.00777,,4.02,953.2,73.808,,1.24,1827,0.00005576,,0.24,1829,0.00003632,,0.19,1823,0.0000548,,0.24,2138,4.707E-07,,0.02,2147,2.0255E-07,,0.01,2136,302.56,,0.01
,ABUAKWA,ATWIMA-KWANWOMA,AIRTEL/VODAFONE,921.3,0.000121,,,926.8,,,,941.5,,,,1819,0.000205,,,1824,,,,1835,,,,2124,0.0001,,,2128,,,,2133,,,
,Agric Nzema,ATWIMA-KWANWOMA,Airtel ,926.2,0.0006048,,,931.2,,,,955.2,,,,1823,0.00019108,,,1851,,,,1865,,,,2151,0.0000913,,,2163,,,,2163,,,
,APEMHASE_ABUAKWA,ATWIMA-KWANWOMA,AIRTEL/VODAFONE,,,,,,,,,,,,,,,,,,,,,,,,,,,,,,,,,,,,
00326,Apire,ATWIMA-KWANWOMA,Airtel,930.7,0.0001419,,0.55,934.7,0.00012215,,0.51,930.7,0.00014169,,0.55,1853,0.00002835,,0.17,1815,0.00003278,,0.18,1815,0.00009201,,0.31,2127,0.00025004,,0.5,2122,0.00000678,,0.08,2127,0.00004446,,0.21
GH 00326,Apire,ATWIMA-KWANWOMA,Airtel,916.1,0.0004043,,,921.4,,,,931.5,,,,1810,0.00022029,,,1816,,,,1821,,,,2121,0.00019367,,,2126,,,,2140,,,
,Atasomanso_2,ATWIMA-KWANWOMA,Airtel,918.1,0.00020173,,,927.3,,,,937.2,,,,1818,0.00021723,,,1829,,,,1836,,,,2124,0.0002544,,,2136,,,,2129,,,
,Tanoso GPRTU,ATWIMA-KWANWOMA,MTN/Airtel,912.4,0.00018418,,,920.5,,,,959.7,,,,1818,0.00010672,,,1828,,,,1828,,,,2126,0.00005423,,,2138,,,,2120,,,
CS 3637,Esreso Kotoku,BOSOMTWI,Tigo,927.2,0.00012462,,,941.2,,,,947.7,,,,1827,0.00037104,,,1841,,,,1858,,,,2123,,,,,,,,2163,,,
CS 3855,Jachie,BOSOMTWI,Tigo,930.7,0.00017337,,,939.7,,,,958.2,,,,1823,0.00048284,,,1844,,,,,,,,2122,0.00005303,,,,,,,,,,
CS 4052,Kokoben,BOSOMTWI,Tigo,925.2,0.0000643,,,935.7,,,,954.7,,,,1820,0.00005067,,,1850,,,,1860,,,,,,,,,,,,2169,,,
CS 4183,Kuntenase,BOSOMTWI,Tigo,930.2,0.00006325,,,953.2,,,,925.2,,,,1802,0.00007743,,,1823,,,,1842,,,,2122,0.00061639,,,2148,,,,,,,
CS 4884,Kuntenase(old83),BOSOMTWI,expresso,926.2,0.00099089,,,953.2,,,,957.2,,,,1853,0.00090522,,,1866,,,,,,,,2123,0.00012733,,,2130,,,,,,,
0408,0408KNUST_2,Ejisu,MTN/Airtel,953.7,0.00031805,,0.81,953.7,0.00254,,2.3,953.7,0.00031009,,0.8,1821,0.00018949,,0.45,1821,0.00032953,,0.6,1821,0.00057947,,0.79,2163,0.00014098,,0.37,2127,0.00029691,,0.54,2128,0.00079844,,0.89
CS1420,2647EJISU_MHYIA,EJISU,MTN,930.7,0.00082758,,,954.2,,,,953.7,,,,1800,0.00005788,,,1821,,,,1860,,,,,,,,,,,,2170,,,
,Adako Jachi,EJISU,AIRTEL,934.1,0.0000981,,,941.4,,,,953.3,,,,1812,0.0000685,,,1816,,,,1824,,,,,,,,2130,,,,2136,,,
,Ahodwo,EJISU,AIRTEL,936.2,0.0000597,,,940.3,,,,948.7,,,,1820,0.0000263,,,1828,,,,1836,,,,2110,0.0000901,,,211.7,,,,2124,,,
ASB1088,Anwomaso,EJISU,AIRTEL,926.2,0.000605,,,931.2,,,,949.2,,,,1823,0.000191,,,1851,,,,1865,,,,2123,0.0000244,,,2139,,,,2163,,,
,ASB,EJISU,AIRTEL,936.2,0.0000597,,,944.7,,,,951.2,,,,1824,0.0000132,,,1842,,,,1853,,,,2112,0.0000801,,,21.22,,,,2164,,,
,ATONSU_1,EJISU,AIRTEL,925.1,0.000505,,,931.2,,,,943.7,,,,1821,0.000181,,,1850,,,,1865,,,,2120,0.0000744,,,2128,,,,2132,,,
ASC1004,Boadi,EJISU,AIRTEL,959.2,0.000715,,,959.7,,,,,,,,1821,0.000952,,,1841,,,,1856,,,,2022,0.000194,,,2129,,,,2164,,,
,Deduako,EJISU,AIRTEL,,,,,943.7,,,,951.2,,,,1835,0.000257,,,1856,,,,1872,,,,2122,0.000189,,,2129,,,,2164,,,
GH0040,Eseresso Newsite,EJISU,AIRTEL,926.7,0.000104,,,931.7,,,,958.7,,,,1800,0.000385,,,1821,,,,1853,,,,2112,,,,2128,,,,2139,,,
40,Eseresso Newsite,EJISU,airtel,931.7,0.00004255,,0.3,933.7,0.00013478,,0.53,932.2,0.00018205,,0.62,1853,0.00016291,,0.41,1853,0.00016903,,0.42,1853,0.00002637,,0.16,2127,0.00067915,,0.83,2128,0.00023218,,0.48,2127,0.00026965,,0.52
GH008,Gyinyasi,Ejisu,MTN/Airtel,959.2,0.0009124,,,920.5,0.00018418,,,935.7,,,,1823,0.00036148,,,1844,,,,1853,,,,2100,0.00025021,,,2113,,,,2140,,,
GH01210,Hwereso,EJISU,AIRTEL,925.2,0.000502,,,930.72,,,,952.7,,,,1812,0.0000869,,,2123,0.000117,,,,,,,2123,0.000118,,,,,,,,,,
ASB1007,KNUST,EJISU,AIRTEL,918,0.000281,,,924.7,,,,936.4,,,,1821,0.000306,,,1827,,,,1836,,,,,,,,2142,,,,2151,,,
9,Kotei,EJISU,AIRTEL,931.2,0.000143,,,953.2,,,,958,,,,1802,0.000354,,,1825,,,,1851,,,,2128,0.000754,,,2139,,,,2162,,,
491,Kuamsi Aperade,EJISU,AIRTEL,931.7,0.000959,,,94.72,,,,955.2,,,,1811,0.000346,,,1823,,,,1854,,,,2123,0.000139,,,2138,,,,2164,,,
,Kwamo,EJISU,AIRTEL,925.2,0.000159,,,933.3,,,,956.2,,,,1815,0.000477,,,1829,,,,2122,0.000307,,,2138,,,,2163,,,,1860,,,
CS2884,BEPOSO_AS,EJISU JUABEN,Vodafone,930.7,0.00026525,,,943.7,,,,957.7,,,,,,,,,,,,,,,,,,,,,,,,,,,
CS2922,BOANKRA,EJISU JUABEN,Vodafone,921.7,0.00010869,,,932.2,,,,959.2,,,,1824,0.00002755,,,,,,,,,,,2128,0.00006058,,,2162,,,,,,,
ASB1217/CS2858,BOMFA_ACHIASE,EJISU JUABEN,VODAFONE/AIRTEL,931.2,0.0002,,,935.7,,,,951.2,,,,1821,0.0000658,,,1830,,,,,,,,,,,,,,,,,,,
CS 2970,Bonwire,EJISU JUABEN,Tigo,933.2,,,,947.2,,,,959.2,,,,1822,0.0009277,,,,,,,,,,,2164,0.00006014,,,,,,,,,,
CS3604,Ejisu(old86),EJISU JUABEN,EXPRESSO,925.7,0.0000763,,,956.2,,,,953.3,,,,1815,0.0000102,,,1844,,,,1853,,,,2127,0.0000219,,,2163,,,,2170,,,
CS3691,Fumesua,EJISU JUABEN,TIGO,927.7,0.0000445,,,935.7,,,,958.2,,,,1856,0.000879,,,1853,,,,,,,,2138,0.00411,,,2164,,,,,,,
cs 3894,Juabeng,EJISU JUABEN,Tigo,943.7,0.00008002,,,953.7,,,,955.2,,,,1824,0.00007024,,,1844,,,,1844,,,,2128,0.00012931,,,2163,,,,,,,
1228,Juabeng,EJISU JUABEN,TIGO/VODAFONE,955.2,0,,,1844,0,,,,0.000034,,,953.7,,,,1842,0.0009552,,,,0.000048,,,955.2,,,,1854,,,,,,,
CS 4506,NEW_KOFORIDUA_KASAPA,EJISU JUABEN,Vodafone,926.2,0.00003335,,,947.2,,,,959.2,,,,1853,0.00014412,,,,,,,,,,,,0,,,,,,,,,,
CS 4502,Nobewam,EJISU JUABEN,Tigo,927.2,0.00008514,,,958.2,,,,954.7,,,,1853,0.00004442,,,1869,,,,1875,,,,,0,,,,,,,,,,
CS 2970,ONWE,EJISU JUABEN,Vodafone,955.2,0.00012185,,,953.7,,,,,,,,1821,0.0000602,,,1823,,,,1830,,,,2122,0.00001536,,,2164,,,,,,,
CS0492,0651EJISU,EJISU JUABENG,MTN,927.2,0.00047,,,953.7,,,,957.7,,,,1823,0.0000826,,,1844,,,,1856,,,,2122,0.000653,,,2132,,,,2162,,,
CS0741,0925EJISU_2,EJISU JUABENG,MTN,932.2,0.000886,,,958.2,,,,959.2,,,,1809,0.000123,,,1827,,,,1853,,,,2111,0.000376,,,2127,,,,2163,,,
CS0776,0964NOBEWAM,EJISU JUABENG,mtn,927.2,0.00040588,,,952.2,,,,947.2,,,,1853,0.00002731,,,1872,,,,1880,,,,,0,,,,,,,,,,
1922,1922BEPOSO,EJISU JUABENG,MTN,945.2,0.00053675,,,953.7,,,,935.7,,,,1823,0.00024473,,,1842,,,,1853,,,,2127,0.00001683,,,2138,,,,,,,
CS 1305/1928,1924KWAMO,EJISU JUABENG,mtn,932.2,0.00035646,,,956.7,,,,957.7,,,,1802,0.00002122,,,1836,,,,1853,,,,2127,0.00055155,,,,,,,2138,,,
CS1321,1946KWASO,EJISU JUABENG,MTN,926.2,0.000445,,,947.2,,,,958.7,,,,1851,0.0000328,,,1860,,,,1872,,,,2123,0.000177,,,2126,,,,,,,
CS 2921,2617BONKRA,EJISU JUABENG,MTN,927.2,0.00019135,,,945.2,,,,959.2,,,,1821,0.00005157,,,1860,,,,,,,,2153,0.00055701,,,,,,,,,,
CS1727/2676,2976PIASE,EJISU JUABENG,MTN,925.7,0.000457,,,947.2,,,,955.2,,,,1853,0.0000653,,,,,,,,,,,2123,0.0000763,,,2163,,,,,,,
CS 1729/2978,2978ASOTWE,EJISU JUABENG,mtn,926.7,0.00031847,,,955.2,,,,,,,,1830,0.0000463,,,1856,,,,1842,,,,2123,0.00039711,,,2163,,,,,,,
CS1739,2986ONWI,EJISU JUABENG,MTN,954.7,0.000748,,,958.7,,,,,,,,1815,0.0000955,,,1823,,,,1856,,,,2122,0.0000667,,,2154,,,,2169,,,
CS1139,2988ADUMASA,EJISU JUABENG,MTN,926.87,0.00054557,,,952.7,,,,950.7,,,,,,,,,,,,,,,,2110,0.00020073,,,2122,,,,,,,
CS 1762,3612AKYEASE,EJISU JUABENG,mtn,947.2,0.00025539,,,955.7,,,,959.2,,,,1826,0.00004887,,,1851,,,,1860,,,,,0,,,,,,,,,,
,Juaben,EJISU-JUABENG,AIRTEL,914.7,0.000109,,,921.8,,,,929.2,,,,1812,0.000209,,,1822,,,,1826,,,,2126,0.0000292,,,2134,,,,2141,,,
0305,0305ASH_FM,KUMASI,MTN/AIRTEL,953.7,0.00225,,2.17,1821,0.00046652,,0.71,2163,0.00016763,,0.41,953.7,0.00129,,1.64,1824,0.00028622,,0.55,2163,0.00027721,,0.52,959.2,0.00098132,,1.42,1824,0.00023844,,0.51,2163,0.00017864,,0.42
0424,0424BOMSO,KUMASI,MTN/Airtel,952.2,0.00139,,1.7,954.7,0.00215,,2.12,959.2,0.00054621,,1.06,1826,0.00013131,,0.37,1823,0.0000807,,0.29,1823,0.00022268,,0.49,2168,0.00003406,,0.18,2166,0.00009501,,0.31,2168,0.00012452,,0.35
4226,0426UADDARA,KUMASI,MTN/AIRTEL,954.7,0.00129,,1.64,1824,0.00074199,,0.9,2162,0.00044699,,0.67,954.7,0.00198,,2.03,1821,0.00116,,1.13,2163,0.00009382,,0.3,954.7,0.00095814,,1.41,1821,0.00038439,,0.64,2138,0.0001112,,0.33
0472,0472ASOWA_3,KUMASI,MTN/Airtel,952.2,0.00080009,,1.29,930.7,0.00165,,1.86,954.2,0.00127,,1.63,1824,0.00008653,,0.3,1824,0.00017726,,0.44,1821,0.00046989,,0.71,2128,0.00118,,0.09,2127,0.00036895,,0.61,2128,0.0003691,,0.61
0481,0481APERADE,KUMASI,MTN/AIRTEL,955.2,0.00142,,1.72,1823,0.00019816,,0.46,2128,0.00030501,,0.55,955.2,0.00286,,2.44,1823,0.00015609,,0.41,2128,0.00058543,,0.76,952.2,0.00193,,2.01,1826,0.00071219,,0.91,2163,0.00029449,,0.54
GH 0010/1305,1305EMENA_2,KUMASI,airtel/mtn,955.2,0.00123,,1.6,953.2,0.00184,,1.96,954.2,0.00182,,1.95,1823,0.00030773,,0.58,1823,0.00007257,,0.28,1821,0.00014854,,0.4,2128,0.00005411,,0.23,2127,0.00009842,,0.31,2128,0.00008825,,0.29
1306,1306KOTEI_2,KUMASI,Airtel/MTN,957.2,0.00020593,,0.65,934.7,0.00009652,,0.45,933.7,0.00013435,,0.53,1854,0.00027218,,0.54,1823,0.00013715,,0.38,1830,0.00067388,,0.85,2127,0.00030987,,0.55,2163,0.0002471,,0.5,2162,0.00026657,,0.51
1325,1325KWADASO_STP,KUMASI,MTN/AIRTEL,954.7,0.00037023,,0.89,1830,0.0000774,,0.29,2136,0.00000239,,0.04,954.2,0.00022951,,0.69,1830,0.00007849,,0.29,2123,0.00000391,,0.06,939.2,0.00016842,,0.5,1821,0.00025506,,0.52,2163,0.00000443,,0.06
GH0023,Abrepo,KUMASI,AIRTEL/EXPRESSO,931.2,0.00023745,,0.71,939.2,0.00195,,2.03,937.2,0.00109,,1.52,1853,0.0000156,,0.71,1853,0.00001073,,0.1,1808,0.0000285,,0.17,2127,0.0000947,,0.3,2146,0.00254,,1.6,2147,0.00102,,1.02
0027,Adiembra Fakyembra,KUMASI,AIRTEL,944.2,0.00057507,,1.1,944.2,0.00084506,,1.33,944.2,0.00153,,1.79,1820,0.00000653,,0.08,1842,0.00000489,,0.07,1815,0.00704,,0.08,2123,0.00002757,,0.16,2122,0.00029208,,0.54,2133,0.00012113,,0.35
243,Adum,KUMASI,airtel,954.2,0.00098634,,1.43,956.7,0.00024788,,0.71,932.2,0.00023092,,0.7,1821,0.00044125,,0.69,1823,0.00032719,,0.59,1821,0.00006592,,0.26,2128,0.00005046,,0.22,2128,0.00015348,,0.39,2127,0.00010409,,0.32
2213,Adum Rooftop,KUMASI,AIRTEL,955.2,0.00032356,,0.82,1823,0.00074271,,0.9,2163,0.0001228,,0.35,957.8,0.00047932,,0.87,1822,0.513021,,0.63,2165,0.00676768,,0.45,952.7,0.00029371,,0.39,1824,0.00040836,,0.0009,2164,0.00012347,,0.12
0026,Agric Office,KUMASI,AIRTEL,944.7,0.00009671,,0.45,1820,0.00001728,,0.13,2123,0.00003938,,0.19,944.7,0.00006242,,0.36,1808,0.004142,,0.36,2122,0.0000168,,0.13,926.2,0.00012845,,0.82,1815,0.00002216,,0.15,2127,0.0001073,,0.3
0007/1304,Ahinsin Estate,KUMASI,airtel/mtn,952.7,0.00147,,1.75,954.7,0.00020298,,0.65,952.7,0.00131,,1.61,1853,0.00033279,,0.59,1818,0.00016658,,0.42,1824,0.00013454,,0.38,2163,0.00025446,,0.5,2163,0.00009558,,0.31,2164,0.0002775,,0.53
1260,ANWOMASO,KUMASI,Vodafone/Airtel,948.7,0.000318,,0.81,948.2,0.00043733,,0.95,947.7,0.00018371,,0.62,1854,0.00020723,,0.47,1854,0.00002175,,0.16,1854,0.00003768,,0.16,2123,0.00028052,,0.53,2122,0.00020908,,0.46,2123,0.00051898,,0.72
1856,Asafo Market,KUMASI,TIGO/VODAFONE/AIRTEL,944.7,0.00468,,3.14,1833,0.00101,,1.05,2128,0.00074381,,0.86,947.2,0.00137,,1.7,1836,0.00091993,,0.99,2122,0.00137,,1.17,947.7,0.00262,,2.35,1835,0.00104,,1.06,2123,0.32957,,0.57
1840,Asawasi,KUMASI,tigo/airtel,930.6,0.00061487,,1.14,932.2,0.00035566,,0.87,930.7,0.00002568,,0.23,1842,0.00033878,,0.62,1845,0.0001174,,0.35,1841,0.00000623,,0.08,2127,0.00012455,,0.35,2127,0.00015435,,0.39,2128,0.00001173,,0.1
1293,Atimatim,KUMASI,TIGO/AIRTEL,937.7,0.00000021,,0.21,1844,0.002163,,0.71,2163,0.000033,,0.02,9477,0.00000016,,0.32,1844,0.0009362,,0.16,2163,0.000037,,0.02,936.2,0.00000001,,0.32,1841,,,0.24,2162,,,0.01
,Ayeduase,KUMASI,Tigo/Airtel,933.7,0.001697,,0.6,933.2,0.00033429,,0.84,933.7,0.00027381,,0.76,1818,0.0001071,,0.34,1848,0.00007465,,0.28,1841,0.00007634,,0.28,2147,0.00015665,,0.39,2148,0.00032297,,0.57,2147,0.00014491,,0.38
1258,CAMPUS_SOBORO,KUMASI,vodafone/airtel,947.2,0.00046344,,0.98,954.2,0.0005821,,1.1,947.2,0.00043818,,0.96,1809,0.00010297,,0.33,1811,0.0000115,,0.11,1820,0.00000764,,0.09,2121,0.00016124,,0.4,2122,0.00007513,,0.27,2122,0.00041942,,0.65
old63,Capital(Kumasi)(old63),KUMASI,Expresso,937.7,0.00003826,,0.28,937.7,0.00006253,,0.36,937.7,0.0000856,,0.42,1851,0.00000967,,0.1,1851,0.00003894,,0.2,1851,0.00015564,,0.4,2148,0.00000481,,0.06,2147,0.00000506,,0.07,2122,0.00001336,,0.11
1278,Cultural Centre,KUMASI,Tigo/Airtel,947.2,0.00015813,,0.6,935.2,0.00070501,,1.22,950.2,0.00015083,,0.56,1842,0.00018024,,0.44,1841,0.0000724,,0.27,1818,0.00014909,,0.4,2128,0.00012644,,0.35,2128,0.00012395,,0.35,2148,0.00005411,,0.23
0039,Daban,KUMASI,AIRTEL,932.2,0.00044905,,0.97,1853,0.00549,,0.07,2127,0.00008716,,0.29,932.2,0.0007514,,1.26,1853,0.00001112,,0.1,2128,0.00098085,,0.99,931.2,0.00039516,,0.91,1853,0.00002542,,0.16,2127,0.00166,,1.29
,Daban,KUMASI,Airtel,912.7,0.00030412,,,917.7,,,,936.7,,,,1816,0.0003012,,,1820,,,,1831,,,,2121,0.00018006,,,2125,,,,2139,,,
,Danyame,KUMASI,AIRTEL/TIGO,926.3,0.00000292,,2.5,1851,0.00021403,,0.48,2136,0.00011638,,0.34,926.2,0.00021578,,0.76,1851,0.00011769,,0.35,2128,0.00001565,,0.12,935.2,0.00021604,,0.67,1851,0.00016406,,0.42,2128,0.00013154,,0.36
1287,Deduako,KUMASI,tigo/vodafone/airtel,944.7,0.00070484,,1.21,944.7,0.00336,,2.66,944.7,0.00070028,,1.21,1841,0.00014228,,0.39,1853,0.0001215,,0.36,1853,0.00020632,,0.47,2123,0.00013118,,0.36,2123,0.00021686,,0.46,2122,20.179,,0.45
0034,Denkyemuoso,KUMASI,AIRTEL,955.7,0.00000403,,0.09,1809,5.752E-07,,0.09,2128,9.913E-08,,0.01,954.2,0.00000772,,0.12,,,,,2128,9.907E-08,,0.01,954.2,9.7294E-07,,0.04,1803,0.000318,,0.05,2128,7.88E-08,,0.01
6,Dompoase New Site,KUMASI,AIRTEL,931.2,0.00003468,,0.27,1818,0.00002816,,0.21,2128,0.00002614,,0.16,930.2,0.00009096,,0.44,1812,0.00005705,,0.25,2128,0.00002249,,0.15,925.2,0.00003634,,0.27,1815,0.00006023,,0.25,2127,0.00001188,,0.1
GH0041,Duase Palace,KUMASI,AIRTEL,953.2,0.00000019,,0.19,1853,0.002162,,0.03,2162,0.000048,,0.01,953,0.00000003,,0.17,1853,0.0009477,,0.03,2163,0.000059,,0.01,947.7,0.00000001,,0.14,1853,,,0.02,2162,,,0.01
0012,Fumesua,KUMASI,Airtel/vodafone,955.2,0.00228,,2.18,953.7,0.00153,,1.79,956.7,0.0012,,1.58,1809,0.00004658,,0.22,1853,0.00002928,,0.22,1817,0.000063,,0.26,2128,0.0005646,,0.75,2162,0.00025909,,0.51,2128,0.021027,,0.46
0008,Gyinyasi,KUMASI,airtel,925.7,0.00184,,1.99,954.2,0.00116,,1.55,954.2,0.0009241,,1.38,1853,0.00058315,,0.79,1853,0.00013822,,0.38,1853,0.00008324,,0.29,2138,0.00015418,,0.39,2138,0.00003763,,0.19,2130,0.00001375,,0.11
0011,Kentinkrono,KUMASI,AIRTEL,931.2,0.00003878,,0.28,930.2,0.00002488,,0.23,939.2,0.0000504,,0.32,1845,0.00001255,,0.11,1845,0.00001641,,0.13,1844,0.000003774,,0.2,2127,0.00001971,,0.14,2122,0.00000297,,0.05,2122,0.00000447,,0.06
0009,KNUST Ayigya,KUMASI,AIRTEL,957.2,0.00020593,,0.65,1854,0.00027218,,0.54,2127,0.00030987,,0.55,934.7,0.00009652,,0.45,1823,0.00013715,,0.38,2163,0.0002471,,0.5,933.7,0.00013435,,0.53,1830,0.00067388,,0.85,2162,0.00026657,,51
,Kumasi Stadium,KUMASI,Tigo/Airtel,935.7,0.00060737,,1.13,938.2,0.00039964,,0.92,934.2,0.00028454,,0.77,1818,0.00015523,,0.41,1842,0.00024982,,0.51,1842,0.00020527,,0.47,2147,0.00006208,,0.25,2148,0.00015562,,0.39,2148,0.00051214,,0.72
002,Kumasi002,KUMASI,Expresso,930.7,0.00000262,,0.07,926.2,0.00000144,,0.05,926.2,0.00000335,,0.08,1853,6.5107E-07,,0.22,1853,6.4975E-07,,0.02,1853,4.691E-07,,0.02,2124,6.107E-08,,0.02,2122,0.00000254,,0.05,2122,3.2467E-07,,0.01
004,Kumasi004(Konkromansi),KUMASI,Expresso,927.7,0.00002405,,0.22,955.2,0.00001293,,0.16,944.7,0.0000561,,0.34,1853,0.00000809,,0.09,1853,0.00001133,,0.11,1853,0.00000667,,0.08,2122,0.00000322,,0.05,2122,0.00002045,,0.14,2122,0.00000985,,0.09
0025,Kwadaso Nsuom,KUMASI,Airtel,943.7,0.00011904,,0.5,943.7,0.00010882,,0.47,931.7,0.00006328,,0.36,1815,0.00016333,,0.42,1814,0.00064512,,0.84,1835,0.00004435,,0.21,2127,0.00006875,,0.36,2122,0.00003806,,0.19,2123,0.00001036,,0.1
old68,Kwadaso(old68),KUMASI,Expresso,946.2,0.00001168,,0.15,946.2,0.00000971,,0.14,946.2,0.00000432,,0.09,1844,0.00000417,,0.06,1844,0.00000505,,0.07,1856,0.00000281,,0.05,2147,0.00001128,,0.1,2147,0.00001197,,0.11,2123,0.00001056,,0.1
0020,Manhyia,KUMASI,AIRTEL,931.7,0.00008446,,0.42,931.7,0.00001442,,0.17,931.7,0.00000531,,0.1,1820,0.0002656,,0.17,1818,6.8364E-07,,0.02,1839,0.00000135,,0.03,2123,0.00000156,,0.03,2147,3.7248E-07,,0.01,2128,0.00000107,,0.03
0021,New Suame,KUMASI,AIRTEL/MTN,953.7,0.00162,,1.84,942.2,0.00266,,2.35,953.7,0.00061223,,1.13,1821,0.00054452,,0.77,1821,0.0015,,1.28,1821,0.00119,,1.14,2127,0.00018496,,0.43,2127,0.00018916,,0.43,2127,0.00010653,,0.32
1075,NHYIAESO,KUMASI,Vodafone/Airtel,947.7,0.00084697,,1.33,947.7,0.00038965,,0.9,931.2,0.00077012,,1.28,1820,0.00054183,,0.77,1811,0.0001119,,0.35,1814,0.0000418,,0.71,2123,0.0002378,,0.57,2121,0.000491,,0.7,2121,0.00037249,,0.61
0015,Oforikrom,KUMASI,AIRTEL,945.7,0.00016238,,0.58,945.7,0.00054911,,1.07,945.7,0.00037573,,0.88,2128,0.00009827,,0.32,2127,0.00017457,,0.42,1832,0.00058992,,0.8,1832,0.00008095,,0.29,1832,0.00009297,,0.31,2127,0.00037572,,0.33
36,Parkoso,KUMASI,AIRTEL,932.2,0.0024899,,0.72,1853,0.0007643,,0.28,2127,0.003921,,0.19,931.7,0.0013201,,0.53,1853,0.0008443,,0.3,2128,0.00015814,,0.4,925.7,0.00003286,,0.26,1853,0.00003553,,35.53,2128,0.00005876,,0.24
1801,SantaseRoundbt,KUMASI,TIGO/VODAFONE/AIRTEL,947.2,0.00226,,1.18,1844,0.0013,,1.18,2123,0.00042487,,0.65,947.2,0.00249,,2.29,1841,0.000223,,0.49,2122,0.00080313,,0.9,946.2,0.00437,,3.03,1844,0.00032511,,0.59,2122,0.00123,,1.11
old66,Sepe Timpong(Kumasi)(old66),KUMASI,EXPRESSO,926.2,0.00099942,,1.46,926.2,0.00031509,,0.82,926.2,0.00037676,,0.9,1844,0.00048294,,0.72,1854,0.00034081,,0.6,1854,0.00055884,,0.77,2138,0.00012549,,0.35,2138,0.00003225,,0.18,2136,0.0001006,,0.31
0005,Sokoban New Site,KUMASI,AIRTEL,931.7,0.00004478,,0.3,1814,0.00005164,,0.23,2127,0.000014,,0.11,931.7,0.00005097,,0.33,1812,0.0000181,,0.14,2128,0.00001804,,0.13,931.7,0.00010241,,0.46,1812,0.00003863,,0.2,2127,0.00001614,,0.12
1259,UST_BRIDGE,KUMASI,VODAFONE/AIRTEL,950.7,0.004091,,0.91,1827,0.0009703,,0.32,2123,0.0014357,,0.38,952.7,0.015436,,0.56,1823,0.000883,,0.31,2122,0.0007308,,0.27,936.7,0.00028943,,0.78,1823,0.0003249,,0.18,2122,0.0012717,,0.35
ASB1007,UST_CAMPUS_OT,KUMASI,VODAFONE/AIRTEL,947.2,0.0015,,1.78,1851,0.00047181,,0.71,2122,0.003588,,0.6,927.7,0.00193,,2.03,1833,0.92269,,1,2122,0.0062232,,0.79,927.7,0.00149,,1.79,1836,0.00177,,1.38,2122,0.00047459,,0.69
CS 0183,0300FUMESUA_3,KUMASI METRO,mtn,925.2,0.00096588,,,930.2,,,,942.2,,,,1811,0.00085084,,,1823,,,,1853,,,,2138,0.00051274,,,2163,,,,2170,,,
0302,0302CEDAR,KUMASI METRO,mtn,953.7,0.00002794,,0.24,952.2,0.00004131,,0.29,953.7,0.00001979,,0.19,1821,0.00001761,,0.13,1842,0.00001956,,0.14,1842,0.00000324,,0.05,2162,0.00000883,,0.09,2147,0.00000661,,0.08,2147,0.00000283,,0.05
0303,0303FONTONFROM,KUMASI METRO,MTN,958.7,0.00011125,,0.48,957.7,0.00056332,,1.08,958.7,0.00056003,,1.07,1824,0.00039551,,0.65,1827,0.00039152,,0.65,1824,0.00003816,,0.2,2162,0.00035087,,0.59,2163,0.00005071,,0.22,2163,0.00021665,,0.46
0304,0304OFORIKROM,KUMASI METRO,MTN,954.7,0.00141,,1.72,954.7,0.00101,,1.45,925.2,0.0003788,,0.9,1826,0.0003816,,0.64,1826,0.00071077,,0.88,1826,0.00038681,,0.64,2162,0.00006238,,0.25,2163,0.00032541,,0.57,2147,0.00011396,,0.33
308,0308ADUM,KUMASI METRO,MTN,954.2,0.00020821,,0.65,1825,0.00031694,,0.58,2163,0.00001075,,0.1,954.2,0.00015577,,0.58,1821,0.00023714,,0.5,2162,0.00000317,,0.18,952.2,0.00039249,,0.9,1824,0.00092437,,1,2963,0.00004225,,0.2
309,0309MARKET_1,KUMASI METRO,MTN,955.2,0.00137,,1.69,1826,0.0009453,,1.01,2162,0.00024566,,0.49,,,,,,,,,,,,,,,,,,,,,,,,
312,0312ASAFO_MOSQ,KUMASI METRO,MTN,954.2,0.00484,,3.18,1824,0.00092583,,1,2163,0.0004542,,0.67,957.7,0.00893,,4.31,1824,0.00032863,,0.6,2163,0.00035788,,0.6,955.2,0.00010776,,0.47,1827,0.00001295,,0.16,2162,0.00002963,,0.17
0313,0313STADIUM,KUMASI METRO,MTN,953.2,0.00122,,1.59,953.2,0.00109,,1.51,955.2,0.0008792,,1.35,1827,0.00040218,,0.66,1823,0.00033886,,0.6,1824,0.0005038,,0.74,2163,0.00037321,,0.61,2163,0.00007105,,0.26,2162,0.00009161,,0.3
0315,0315AYIGYA,KUMASI METRO,MTN,953.2,0.00089931,,1.37,1824,0.00059883,,0.8,2162,0.00018766,,0.43,955.2,0.00087993,,1.35,1827,0.00045141,,0.78,2163,0.00014061,,0.37,953.2,0.00143,,1.73,1827,0.00117,,1.13,2138,0.00117,,0.29
0316,0316OFORIKROM_2,KUMASI METRO,MTN,957.2,0.0011,,1.51,1829,0.00011231,,0.34,2163,0.0009183,,0.3,953.7,0.00079098,,1.28,1829,0.00025443,,0.52,2162,0.00017008,,0.41,958.7,0.00060094,,1.13,1826,0.00018803,,0.45,2163,0.00008722,,0.29
317,0317RAILWAYS,KUMASI METRO,MTN,932.2,0.00044905,,0.97,1853,0.00549,,0.07,2127,0.00008716,,0.29,932.2,0.00075111,,1.26,1853,0.00001112,,0.1,2128,0.00098085,,0.99,93.2,0.00039516,,0.91,1853,0.00002542,,0.16,2127,0.00166,,1.29
0319,0319KWATIA_LINE,KUMASI METRO,MTN,954.2,0.0027,,2.4,927.2,125.691,,0.52,954.2,0.00132,,1.66,2163,0.00025103,,0.5,2162,0.00000705,,1.66,1823,0.0002041,,0.47,1823,0.00005707,,0.24,1829,0.00059199,,0.8,2163,0.00020416,,0.45
0436,0319KWATIA_LINE,KUMASI METRO,MTN,154.2,0.00009304,,0.44,954.2,0.00039137,,0.9,954.2,0.0000463,,0.31,1821,0.00015644,,0.41,1821,0.00224,,1.56,1821,0.00015601,,0.41,2123,0.00001232,,0.11,2123,0.00000164,,0.04,2122,0.00000809,,0.09
0391,0320ABOABO,KUMASI METRO,MTN,954.7,0.00145,,1.74,953.7,0.00205,,2.07,953.7,0.00124,,1.61,1827,0.00087103,,0.97,1827,0.000033782,,0.6,1821,0.00029698,,0.57,2163,0.00010116,,0.32,2163,0.00007767,,0.28,2163,0.00036071,,0.6
0321,0321KWADASO_3,KUMASI METRO,MTN,953.2,0.00122,,1.6,936.2,0.0069,,3.83,954.2,0.0003344,,0.83,1826,0.00047694,,0.72,1823,0.00064427,,0.83,1821,0.00132,,1.2,2163,0.00005649,,0.23,2162,0.00012203,,0.35,2162,0.00011943,,0.34
0322,0322KWADASO_2,KUMASI METRO,MTN,952.7,0.00112,,1.53,952.7,0.0049,,3.2,952.2,0.00307,,2.53,1820,0.00014214,,0.39,1823,0.00103,,1.06,1827,0.00174,,1.37,2163,0.00010287,,0.32,2163,0.00023393,,0.51,2163,0.00048689,,0.71
0327,0327MANHYIA,KUMASI METRO,MTN,953.2,0.0011,,1.51,925.7,0.80609,,1.31,954.7,0.00050736,,1.02,1854,0.00012977,,0.37,1823,0.00216,,1.53,1823,0.00059452,,0.8,2163,0.00008781,,0.34,2163,0.00014024,,0.37,2162,0.00029588,,0.54
343,0342SOUTH_PATAS,KUMASI METRO,MTN,925.7,0.00101,,1.45,1853,0.0001075,,0.34,2163,0.00038102,,0.62,953.7,0.00021435,,0.66,1853,0.00015078,,0.4,2163,0.00003641,,0.19,954.2,0.00199,,2.04,1833,0.0001809,,0.44,2136,0.00006467,,0.25
0343,0343SANTASI,KUMASI METRO,MTN,959.2,0.00000377,,0.08,1830,0.00000377,,0.06,2163,0.00019872,,0.01,956.2,0.00000381,,0.08,1827,0.00000404,,0.06,2163,0.00000121,,0.03,952.7,0.00000328,,0.08,1821,0.00000138,,0.03,2163,3.3669E-07,,0.01
0344,0344WES_NHYIASO,KUMASI METRO,MTN,954.7,0.00096415,,1.4,1821,0.00011652,,0.35,2121,0.0002693,,0.52,954.7,0.00052244,,1.04,1821,0.00012789,,0.37,2163,0.0002469,,0.49,954.7,0.00014398,,0.54,1824,0.00018815,,0.45,2162,0.00019224,,0.44
     0345,0345MANHYIA_2,KUMASI METRO,MTN,958.7,0.00131,,1.65,952.2,0.00089437,,1.36,956.2,0.0000879,,0.42,1821,0.00095985,,1.02,1829,0.0005045,,0.74,1821,0.00016121,,0.42,2163,0.00008922,,0.3,2162,0.00004057,,0.2,2163,0.00003914,,0.19
346,0346DABINE,KUMASI METRO,MTN,956.2,0.00050629,,1.02,1827,0.00012928,,0.37,2163,0.00038586,,0.62,956.7,0.00112,,1.53,1823,0.00015561,,0.41,2162,0.00023632,,0.48,952.7,0.00177,,1.92,1824,0.0001257,,0.37,2162,0.00005302,,0.23
348,0348ASOKWA_2,KUMASI METRO,MTN,958.7,0.0025,,2.28,1823,0.00089743,,0.99,2162,0.0001577,,0.39,952.2,0.00097681,,1.42,1826,0.00030809,,0.57,2163,0.00012856,,0.36,925.2,0.00031351,,0.82,1826,0.00037425,,0.63,2162,0.00006615,,0.25
349,0349ATONSU_2,Kumasi metro,MTN,945.7,0.00044738,,0.97,952.7,0.00444,,3.04,952.7,0.00022366,,0.68,1832,0.00030597,,0.57,1823,0.00133,,3.04,1823,0.00008896,,0.31,2123,0.00045455,,0.67,2163,0.00017412,,0.41,2123,0.00004581,,0.21
350,0350ATONSU_1,Kumasi metro,MTN,948.7,0.00483,,3.18,943.7,0.00188,,1.99,946.2,0.00162,,1.85,1821,0.00032264,,0.66,1821,0.00013158,,0.37,1827,0.00021266,,0.48,2123,0.00047759,,0.69,2122,0.00036715,,0.6,2122,0.0003384,,0.58
351,0351GYINYASI,Kumasi metro,MTN,946.2,0.00162,,1.85,943.7,0.00188,,1.99,948.7,0.00483,,3.18,1827,0.00021266,,0.48,1821,0.00013158,,0.37,1821,0.00032264,,0.66,2122,0.0003384,,0.58,2122,0.00036715,,0.6,2123,0.00047059,,0.69
353,0353AYIDUASI,Kumasi metro,MTN,958.2,0.00026109,,0.73,952.7,0.00184,,1.96,955.7,0.00124,,1.61,1823,0.00003851,,0.2,1826,0.00095763,,1.02,1821,0.00125,,1.17,2127,0.00000881,,0.09,2163,0.00092845,,0.96,2163,0.00050016,,0.71
354,0354KNUST,KUMASI METRO,mtn,953.7,0.0011,,0.51,956.2,1.11/1000,,1.52,956.2,0.00152,,1.78,1827,0.23776,,0.5,1851,0.00010926,,0.34,1851,0.00018355,,0.44,2168,0.00020207,,0.45,2122,0.00017558,,0.42,2123,0.00038903,,0.62
355,0355FUMESUA,KUMASI METRO,MTN,936.2,0.00006207,,0.36,1844,0.00006016,,0.25,2122,0.00000676,,0.08,936.2,0.00027771,,0.76,1844,0.00003514,,0.19,2127,0.00000161,,0.04,938.2,0.00024655,,0.72,1844,0.00008439,,0.3,2123,0.00001751,,0.13
356,0356DABAIN_2,KUMASI METRO,MTN,953.2,0.00057766,,1.09,1851,0.00026825,,0.53,2163,0.00015991,,0.36,953.2,0.00072961,,1.23,1833,0.00169,,1.35,2163,0.0001238,,0.35,953.2,0.00051296,,0.35,1823,0.00021794,,0.48,2162,0.00037741,,
361,0361EMENA,Kumasi metro,MTN,952.2,0.00053592,,1.05,952.2,0.00105,,1.48,952.7,0.00007047,,1.21,1824,0.00008417,,0.03,1823,0.00011386,,0.35,1823,0.00002996,,0.18,2163,0.00009428,,0.3,2163,0.00003969,,0.2,2162,0.0000744,,0.27
363,0363ATONSU_3,KUMASI METRO,MTN,952.2,0.00026921,,0.75,1823,0.00013384,,0.38,2162,0.00005853,,0.24,952.7,0.00018805,,0.62,1827,0.00020934,,0.47,2163,0.00006725,,0.26,955.7,0.0003493,,0.85,1821,0.00048426,,0.72,2163,0.00017001,,0.41
364,0364KASSE_2,Kumasi metro,MTN,953.7,0.00141,,1.72,953.7,0.00187,,1.98,953.7,0.00102,,1.46,1854,0.00000336,,0.06,1854,0.00000451,,0.06,1856,8.20/1000000,,0.09,2162,0.00005493,,0.23,2163,0.00012108,,0.35,2163,0.21581,,0.46
365,0365GYINASI_2,KUMASI METRO,MTN,953.2,0.00072667,,1.23,1821,0.00087792,,0.98,2162,0.00021436,,0.46,953.2,0.00148,,1.76,1821,0.00018516,,0.45,2163,0.00025517,,0.5,955.2,0.00162,,1.84,1821,0.00053332,,0.76,2163,0.0001376,,0.37
366,0366AHINSAN_2,KUMASI METRO,MTN,927.2,0.00112,,1.55,1823,0.00113,,1.11,2162,0.00039873,,0.63,952.7,0.00119,,1.58,1823,0.00055324,,0.77,2163,0.00017926,,0.42,952.7,0.00247,,2.27,1823,0.37535,,0.64,2162,0.00008361,,0.29
341,0366AHINSAN_2,KUMASI METRO,MTN,939.8,1.6027E-07,,0.01,1840,6.2452E-07,,0.02,2139,0.00000271,,0.05,939.8,0.00010681,,0.01,1840,0.00015285,,0.01,2144,2.578E-08,,0,939.8,2.0431E-07,,0.01,1840,3.2928E-07,,0.01,2139,0.0000011,,0.03
0367,0367KENTINKRONO,KUMASI METRO,MTN,954.2,0.0012,,1.61,954.2,0.0004154,,0.95,954.2,0.00059959,,1.11,1821,0.00004411,,0.24,2163,0.00007782,,0.28,2162,0.00007098,,0.26,2163,0.00008749,,0.29,1821,0.00009755,,0.26,1823,0.00006849,,0.27
0380,0380BEKWAI_RBT,KUMASI METRO,MTN,951.2,0.00086375,,1.34,954.2,0.00014,,0.54,952.7,0.00141,,0.71,1823,0.00046556,,0.74,1823,0.00014213,,0.39,1821,0.00034185,,0.61,2163,0.00046556,,0.21,2163,0.00001998,,0.14,2122,0.00012234,,0.35
0381,0381APRIE,KUMASI METRO,Mtn,943.7,0.00017541,,0.6,949.7,0.00039084,,0.9,946.7,0.0001607,,0.58,1821,0.00023185,,0.5,1821,0.00013333,,0.38,1821,0.00015097,,0.4,2123,0.00027729,,0.52,2120,0.00026442,,0.51,2123,0.00012141,,0.35
0382,0382ADIEMBRA,KUMASI METRO,mtn,927.2,0.00002346,,0.22,930.7,0.00005707,,0.34,927.2,0.00030668,,0.81,1853,0.00001741,,0.13,1812,0.0000356,,0.19,1853,0.00019849,,0.44,2122,0.00000161,,0.04,2127,0.00000689,,0.81,2138,0.00004409,,0.21
0383,0383NYIAESO,KUMASI METRO,Mtn,953.7,0.00091871,,1.38,954.2,0.00073731,,1.24,954.2,0.00090152,,1.37,1851,0.00055091,,0.02,1853,0.00029995,,0.01,1855,2.5572E-07,,0.01,2148,0.00000141,,0.03,2147,7.069E-08,,0.02,2147,9.1891E-07,,0.02
0384,0384DADIESOABA,KUMASI METRO,MTN,952.2,0.00385,,2.84,952.2,0.00082468,,1.31,957.2,0.00028222,,0.55,1827,0.00014441,,0.39,1821,0.00016513,,0.42,1821,0.00028222,,0.55,2162,0.00032926,,0.57,2162,0.00015886,,0.4,2163,0.00033585,,0.58
385,0385KENTKRONO_2,KUMASI METRO,MTN,954.7,0.0008912,,1.36,954.7,0.00116,,1.55,954.7,0.00152,,1.78,1821,0.0002576,,0.53,1826,0.00044113,,0.69,1823,0.00052922,,0.76,2163,0.00041424,,0.64,2162,0.0001986,,0.44,2163,0.00015373,,0.39
386,0386ADUM_2,KUMASI METRO,MTN,955.2,0.00032356,,0.82,1823,0.00074271,,0.9,2163,0.0001228,,0.35,957.8,0.00047932,,0.87,1822,0.00051321,,0.63,2165,0.00006768,,0.45,952.7,0.00029371,,0.39,1824,0.00040836,,0.09,2164,0.00012347,,0.12
0387,0387AMAKOM,KUMASI METRO,MTN,953.7,0.00049517,,0.99,953.2,0.00239,,2.23,952.7,0.00000122,,1.59,1821,0.00012103,,0.36,1821,0.00021226,,0.48,1823,0.00024756,,0.52,2162,0.00013737,,0.31,2138,0.00007495,,0.27,2139,0.00008973,,0.3
388,0388ANLOGA_AR,KUMASI METRO,MTN,931.7,0.0065082,,1.17,1823,0.0002389,,0.51,2163,0.0016806,,0.41,953.7,0.0069318,,1.2,1823,0.00021051,,0.47,2163,0.00010843,,0.33,952.7,0.0096509,,1.42,1823,0.0068059,,0.86,2163,0.0011734,,0.34
389,0389OLD_AHINSAN,Kumasi metro,MTN,953.7,0.00185,,1.96,958.7,0.00087513,,1.35,955.2,0.00492,,3.2,1851,0.00000627,,0.08,1853,0.0000205,,0.14,1853,0.0000288,,0.42,2163,0.00007356,,0.27,2163,0.00019114,,0.43,2162,0.00003731,,0.04
0390,0390OFORIKROM_3,KUMASI METRO,MTN,957.2,0.00073352,,1.23,956.2,0.00113,,1.54,955.2,0.00000233,,2.2,1827,0.00098833,,1.09,1827,0.00055723,,0.82,1827,0.00033341,,0.6,2163,0.00029256,,0.54,2163,0.00035604,,0.6,2162,0.00027716,,0.52
0392,0392MANHYIA_3,KUMASI METRO,MTN,952.2,0.00095732,,1.41,957.2,0.00071211,,1.22,954.7,0.00092182,,1.38,1829,0.0006662,,0.85,1829,0.00041112,,0.66,1829,0.00047044,,0.71,2163,0.00015042,,0.39,2163,0.00007071,,0.26,2163,0.00015626,,0.39
0394,0394ASHTOWN,KUMASI METRO,MTN,926.2,0.0004142,,0.93,954.2,0.00024767,,0.71,956.7,0.00038095,,0.89,1821,0.00023673,,0.5,1856,0.00014657,,3.39,1826,0.00025411,,0.52,2163,0.00098742,,0.99,2163,0.00098742,,0.54,2162,0.00006506,,0.25
0396,0396YELEWA,KUMASI METRO,MTN,928.2,0.00151,,1.8,930.7,0.00086719,,1.36,953.2,0.00149,,1.76,1829,0.00092983,,1,1821,0.0005771,,0.79,1824,0.00081605,,0.94,2147,0.00015832,,0.4,2163,0.00007504,,0.27,2163,0.00013465,,0.36
397,0397ADUM_3,KUMASI METRO,MTN,952.7,0.00059588,,1.11,1824,0.00015354,,0.4,2169,0.0001085,,0.39,953.7,0.00006008,,0.35,1823,0.00122232,,0.36,2168,0.00002945,,0.17,953.7,0.00015495,,0.56,1829,0.00004022,,0.2,2166,0.00005424,,0.23
399,0399DABINE_3,KUMASI METRO,MTN,952.2,0.00045258,,0.97,1844,1.9068E-07,,0.01,2162,0.00016791,,0.41,955.2,0.00103,,1.47,1854,4.4341E-07,,0.02,2162,0.00022545,,0.47,955.2,0.00053006,,1.05,1844,1.9175E-07,,0.01,2163,0.00004524,,0.21
0399,0399DABINE_3,KUMASI METRO,mtn,952.2,0.00045258,,0.97,955.2,0.00102,,1.47,955.2,0.00053006,,1.05,1844,1.9068E-07,,0.01,1854,4.4341E-07,,0.02,1844,1.9175E-07,,,,,,,,,,,,,,
0406,0406KWADASO_4,KUMASI METRO,MTN,955.2,0.00876,,4.28,956.2,0.00482,,3.17,956.2,0.00853,,4.22,1821,0.00106,,1.07,1821,0.00041853,,0.67,1821,0.000816.44,,0.94,2147,0.732291,,0.86,2163,0.00002925,,0.17,2147,0.00019829,,0.44
411,0411AHODWO,KUMASI METRO,MTN,952.7,0.00206,,2.07,1823,0.00052615,,0.75,2162,0.00008095,,0.28,952.7,0.0018,,1.95,1823,0.00016419,,0.43,2162,0.00015461,,0.32,926.2,0.00188,,1.98,1827,0.00031175,,0.58,2163,0.00021307,,0.48
412,0412KOTEI,Kumasi metro,mtn,952.7,0.00093592,,1.39,954.7,0.00050507,,1.02,954.7,0.00079898,,1.24,1833,0.00018374,,0.44,1833,131.71/1000000,,0.37,1833,0.00013279,,0.37,2162,0.00011442,,0.34,2163,0.00008825,,0.29,2162,0.00008542,,0.29
0413,0413NHYIAESO_2,KUMASI METRO,MTN,935.2,0.00056567,,1.09,952.7,0.00144,,1.73,932.2,0.00041916,,0.94,1821,0.00012656,,0.37,1821,0.00045864,,0.26,1821,0.0000635,,0.26,2128,0.0000722,,0.27,2127,0.00007183,,0.26,2128,0.00078019,,0.88
414,0414KAASE_3,Kumasi metro,MTN,953.2,0.0003623,,0.87,953.2,0.00186,,1.74,953.7,0.0006203,,1.13,1823,0.00060296,,0.81,1823,0.00050622,,0.74,1823,0.00031649,,0.58,2163,0.00009019,,0.3,2162,0.00017235,,0.41,2162,0.000223,,0.47
0415,0415ALLABAR,KUMASI METRO,MTN,926.7,0.00058441,,1.12,1853,0.00008193,,0.29,2128,0.00002396,,0.15,926.7,0.0005307,,1.05,1829,0.000097755,,1.03,2163,0.00012221,,0.35,955.7,0.00046772,,0.98,1826,0.00035737,,0.62,2128,0.00008864,,0.29
0418,0418ADIEBEBA,KUMASI METRO,MTN,955.7,0.00041837,,0.93,959.2,0.00824,,4.13,954.2,0.00014373,,0.54,1830,0.00055216,,0.77,1821,0.00022625,,0.49,1820,0.0001396,,0.39,2163,0.0001338,,0.77,2162,0.00003353,,0.18,2162,0.00007291,,0.27
0419,0419ASEBI,KUMASI METRO,MTN,931.7,0.00084909,,1.34,1823,0.00051588,,0.75,2122,0.00005694,,0.24,9547,0.00057412,,1.09,1823,0.00019561,,0.46,2122,0.00002892,,0.17,931.7,0.00065047,,1.16,1824,0.00034031,,0.6,2122,0.00005204,,0.23
0421,0421CULTUR_CNTR,KUMASI METRO,MTN,952.2,0.00050455,,1.02,952.2,0.00032045,,0.81,952.2,0.00053921,,1.06,1824,0.00053681,,0.76,1821,0.00038381,,0.64,1821,0.00042989,,0.68,2163,0.00009265,,0.18,2163,0.00015116,,0.39,2163,0.00015461,,0.39
422,0422LIMEX_QUARY,Kumasi metro,MTN,954.7,0.0105,,1.48,952.7,0.00093558,,1.39,952.7,0.00070338,,1.21,1823,0.00023907,,0.51,1821,0.00041833,,0.67,1821,0.00079985,,0.93,2163,0.0001504,,0.39,2163,0.00018978,,0.43,2162,0.00009191,,0.3
0425,0425AKROM,KUMASI METRO,MTN,953.7,0.00096875,,1.42,953.7,0.00053961,,1.07,931.7,0.00041687,,0.94,1851,0.00021189,,0.48,1824,0.00031873,,0.59,1823,0.00018766,,0.45,2128,0.00024052,,0.49,2162,0.00005327,,0.23,2128,0.0024829,,0.5
428,0428GYINYASI_3,Kumasi metro,MTN,952.7,0.00138,,1.96,952.7,0.00078024,,1.27,952.7,0.0006999,,1.2,1823,0.0003492,,0.61,1823,0.00021184,,0.48,1823,0.00018071,,0.41,2163,0.00007967,,0.28,2168,0.00008625,,0.29,2169,0.00020409,,0.45
429,0429PARKOSO,KUMASI METRO,MTN,92.7,0.00014974,,0.56,1851,0.0019505,,0.45,2162,0.0021624,,0.47,926.7,0.016165,,0.58,1820,0.0016773,,0.42,2162,0.0008149,,0.28,962.7,0.0016231,,0.59,1823,0.0026185,,0.53,2162,0.0008866,,0.29
430,0430ODUOM,KUMASI METRO,MTN,925.2,0.00002184,,0.22,1821,0.00002661,,0.61,2123,0.00010078,,0.31,936.2,0.00002713,,0.14,1821,0.00001834,,0.14,2162,0.00000337,,0.05,957.7,0.00063142,,1.14,1827,0.00002986,,0.18,2163,0.00002941,,0.17
431,0431FUMESUA_2,KUMASI METRO,MTN,953.7,0.00023196,,0.69,1823,0.0008673,,0.3,2163,0.0040955,,0.64,959.2,0.000773,,0.4,1823,0.00002998,,0.18,2163,0.00000464,,0.06,952.7,0.0047327,,0.99,182,0.00011431,,0.35,2163,0.00008883,,0.29
0439,0439ABOABO_3,KUMASI METRO,MTN,956.7,0.00173,,1.89,953.7,0.00221,,2.15,953.7,0.00118,,1.57,1827,0.00027307,,0.55,1853,0.00101,,1.04,1827,0.00145,,1.26,2163,0.00034186,,0.58,2163,0.00026994,,0.52,2163,0.00009559,,0.31
0440,0440ATONSO_4,KUMASI METRO,MTN,954.7,0.00165,,1.85,1823,0.00014635,,0.4,2136,0.0000013,,0.03,954.7,0.00335,,2.64,1829,0.00030959,,0.58,2123,4.2802E-07,,0.02,925.7,1.58/1000,,1.82,1829,0.00023369,,0.5,2123,5.1019E-07,,0.02
0442,0442ADUM_4,KUMASI METRO,mtn,954.2,0.00014065,,0.54,954.2,0.00037237,,0.88,952.7,0.00026713,,0.97,1823,0.00006352,,0.26,1821,0.00006317,,0.61,1822,0.00000101,,0.09,2127,1.64/1000000,,0.04,2125,0.00000113,,0.05,2124,9.4812E-07,,0.06
0443,0443KEJETIA_2,KUMASI METRO,MTN,952.2,0.00284,,,1823,0.00299,,,2122,0.00052975,,,,,,,,,,,,,,,,,,,,,,,,,,
0444,0444AYIGYA_2,KUMASI METRO,MTN,957.7,0.00159,,1.82,952.7,0.00098732,,1.43,952.2,0.00018492,,0.62,1827,0.00050157,,0.73,1829,0.00054896,,0.77,1821,0.00023664,,0.5,2128,0.00019792,,0.47,2127,0.00030487,,0.55,2127,0.00058747,,0.77
445,0445KAASE_4,Kumasi metro,MTN,959.2,0.00027249,,0.75,953.2,0.00032757,,0.82,954.2,0.0005827,,1.1,1821,0.00006202,,0.26,1823,0.00011173,,0.34,1821,130.36/1000000,,0.37,2162,0.00005192,,0.22,2163,0.00002554,,0.16,2123,0.00004475,,0.21
0446,0446TUC_KSI,KUMASI METRO,MTN,927.7,0.00255,,2.34,1853,0.00048212,,0.72,2122,0.00037022,,0.61,958.2,0.00115,,1.54,1853,0.00027994,,0.54,2123,0.00079874,,0.89,953.2,0.00119,,1.57,1853,0.00053278,,0.75,2122,0.00025331,,0.5
447,0447ANYINAM_AR,KUMASI METRO,MTN,944.7,0.00045221,,0.97,1821,0.00020065,,0.46,2163,0.0002305,,0.48,952.2,0.00067462,,1.18,1821,0.00037138,,0.63,2162,0.00012841,,0.4,955.2,0.00071921,,1.22,1856,0.00022735,,0.49,2163,0.0000899,,0.3
0488,0448ABUAKWA_2,KUMASI METRO,MTN,927.2,0.00079543,,1.28,932.2,0.00044353,,0.97,953.7,0.00040141,,0.91,1823,0.00004184,,0.21,1823,0.0000685,,0.27,1823,0.00013024,,0.37,2128,0.00006906,,0.26,2128,0.00008037,,0.28,2127,0.0001354,,0.37
0449,0449BANTAMA,KUMASI METRO,Mtn,954.7,0.00122,,1.59,955.2,0.0000885,,1.35,959.2,0.00031425,,0.8,1827,0.0000931,,0.31,1826,0.00008386,,0.3,1826,0.00017505,,0.43,2162,0.00001769,,0.13,2162,0.00009889,,0.31,2147,0.00003907,,0.19
452,0452SOKOBAN,Kumasi metro,MTN,957.2,0.00036048,,0.86,958.7,0.00064165,,1.15,954.2,0.00072932,,1.23,1823,0.0000693,,0.27,1821,0.00017072,,0.43,1821,0.00005629,,0.24,2128,0.00003136,,0.17,2127,0.00001633,,0.12,2127,0.00028692,,0.53
0452,0452SOKOBAN,KUMASI METRO,MTN,932.2,0.00074532,,,954.2,,,,921.6,,,,1820,0.0000629,,,1830,,,,1865,,,,2126,0.0001012,,,2131,,,,2164,,,
458,0458KNUST_AYGYA,KUMASI METRO,MTN,953.2,0.00078494,,1.28,953.2,0.00000141,,1.72,952.7,0.00000159,,0.82,2163,0.0012888,,0.36,2162,0.0047081,,0.69,1823,0.0006319,,0.26,1823,114.84,,0.35,1823,0.00035067,,0.64,1823,0.00011485,,0.35
0459,0459SANTASI_2,KUMASI METRO,MTN/VODAFONE,950.1,0.00030095,,0.79,1829,0.00006132,,0.25,2122,0.00016282,,0.4,951.7,0.00040349,,0.91,1826,0.00004455,,0.22,2122,0.00010819,,0.33,944.7,0.00023854,,0.7,1826,0.00020578,,0.47,2123,0.00040472,,0.64
0466,0466BREMANG,KUMASI METRO,MTN,953.7,0.00099375,,1.44,953.7,0.00122,,1.59,953.7,0.000564.86,,1.08,1821,0.00011384,,0.35,1854,0.00015397,,0.4,1854,0.00012057,,0.36,2163,0.00016221,,0.4,2162,0.00009703,,0.31,2162,0.00017055,,0.41
467,0467DICHEMSO_2,Kumasi metro,MTN,953.7,0.00117,,1.56,956.21,0.00173,,1.9,953.2,0.00137,,1.61,1824,48.10/1000000,,0.22,1824,0.00010086,,0.33,1824,0.00012231,,0.36,2163,0.00004965,,0.22,2163,0.00010595,,0.32,2163,0.00011413,,0.33
471,0471SANTASI_RBT,Kumasi metro,MTN,927.2,0.0005089,,1.02,956.2,0.00141,,1.71,954.2,0.0011,,1.52,1829,0.00010653,,0.34,1844,0.00030945,,0.58,1823,0.00005004,,0.23,2162,0.00011275,,0.35,2163,0.00013123,,0.36,2163,0.00015927,,0.4
478,0478KTI,KUMASI METRO,MTN,954.7,0.00041091,,0.92,954.7,0.00060214,,0.5,955.2,0.00036381,,0.87,2162,0.00022721,,0.47,2162,0.00017247,,0.41,2162,0.00019663,,0.44,1826,0.0004264,,0.68,1821,0.00023313,,0.5,1826,0.00022281,,0.49
0479,0479DECABIN,KUMASI METRO,MTN,955.2,0.00248,,2.27,958.2,0.00177,,1.19,954.2,0.00117,,1.56,1808,0.00000171,,0.04,1851,0.00000921,,0.09,1811,0.00000959,,0.1,2122,0.001705,,0.41,2163,0.0000186,,0.28,2162,0.00026562,,0.51
480,0480OFICERS_MES,Kumasi metro,MTN,953.7,0.00091841,,1.38,952.7,0.00024,,0.7,952.7,0.00035089,,0.85,1853,4.7011E-07,,0.02,1824,6.2941E-07,,0.02,1821,6.6484E-07,,0.02,2163,0.00006931,,0.26,2162,0.00008765,,0.29,2163,0.00007501,,0.27
482,0482AYIDUASE_3,Kumasi metro,MTN,955.2,0.00128,,1.63,954.7,0.00027683,,0.76,952.2,0.00318,,2.57,1853,0.00019366,,0.45,1853,0.00008223,,0.29,1823,0.00019919,,0.46,2162,0.00062475,,0.83,2127,0.00010045,,0.31,2169,0.00033245,,0.61
485,0485DEDUAKO,Kumasi metro,MTN,954.2,0.85391,,1.33,954.2,0.00016687,,0.59,925.7,0.00065687,,1.16,1853,0.00007587,,0.28,1854,0.00001983,,0.14,1854,0.00007163,,0.27,2123,0.00001814,,0.13,2123,0.00001452,,0.14,2123,0.0000322,,0.18
CS4498/1261,0489AMPABAMI,KUMASI METRO,MTN,933.7,0.0000303,,0.25,1811,0.00005451,,0.24,2127,0.00008387,,0.29,934.7,0.00006214,,0.36,1811,0.00001272,,0.11,2128,0.00004046,,0.2,934.2,0.00002332,,0.22,1827,0.0000117,,0.11,2127,0.0002746,,0.16
0491,0491KATH_HOSPTL,KUMASI METRO,MTN,953.2,0.00088737,,1.36,1827,0.00000248,,0.05,2122,0.00000562,,0.07,,,,,,,,,,,,,,,,,,,,,,,,
0425,0495ASKWA_POLIC,KUMASI METRO,MTN,950.2,0.00045863,,0.98,945.2,0.00027529,,0.76,948.2,0.00006619,,0.25,1821,0.00006686,,0.27,1821,0.00007294,,0.28,1826,0.00005186,,0.23,2163,0.000018717,,0.43,2122,0.00029344,,0.54,2163,0.00005342,,0.23
CS0528/AR0688,0688BEKWAI,KUMASI METRO,MTN,931.7,580.22,,,953.7,,,,959.7,,,,1805,44.24,,,1821,,,,1844,,,,2123,325.07,,,2163,,,,,,,
977,0977KROMUSE,KUMASI METRO,MTN,939.8,2.522E-07,,0.02,1840,8.319E-07,,0.03,2139,3.786E-07,,0.01,939.8,1.6005E-07,,0.02,1840,2.4402E-07,,0.01,2139,2.6745E-07,,0.01,939.8,1.8501E-07,,0.02,1840,4.0816E-07,,0.02,2139,4.0688E-07,,0.02
1302,1302KROMUSE_2,KUMASI METRO,MTN,958.2,0.00000312,,1.15,1856,0.000043,,0.21,2138,0.00000312,,0.05,955.2,0.00031306,,0.8,1856,0.00007008,,0.27,2138,0.00000204,,0.04,955.2,0.00000134,,1.67,1856,0.00001658,,0.13,2136,0.0000045,,0.06
1312,1312AYIGYA_3,KUMASI METRO,MTN,957.7,0.00065315,,1.16,1823,0.00006907,,0.27,2162,0.00017298,,0.41,953.7,0.00043167,,0.94,1821,0.00011835,,0.35,2163,0.00016085,,0.4,953.7,0.0002673,,0.74,1851,0.00005162,,0.23,2162,0.00025028,,0.5
1312,1312AYIGYA_3,KUMASI METRO,MTN,957.7,0.00065315,,1.16,953.7,0.00043167,,0.94,953.7,0.0002673,,0.74,1823,0.00006907,,0.27,1821,0.00011835,,0.35,1851,0.00005162,,0.23,2162,0.00025028,,0.5,2162,0.00017298,,0.41,2163,0.00016085,,0.4
1314,1314ANWOMASO_2,KUMASI METRO,MTN,954.7,0.00036609,,0.87,1853,0.00008738,,0.3,2136,0.0000179,,0.13,925.7,0.00046601,,1,1853,0.00000666,,0.08,2123,0.00016573,,0.4,932.2,0.00024101,,0.61,1851,0.00006709,,0.41,2123,0.00016034,,0.4
1322,1322AMPATIA,KUMASI METRO,MTN,958.2,0.00031643,,0.81,1827,3.3244E-07,,0.01,2122,1.7073E-07,,0.01,953.7,0.00071552,,1.22,1829,3.3761E-07,,0.01,2122,3.0584E-07,,0.01,944.2,0.00186,,1.86,1834,3.2838E-07,,0.01,2122,2.0327E-07,,0.01
1323,1323PATASI,KUMASI METRO,MTN,954.7,0.00030631,,0.79,1829,0.0005073,,0.75,2163,0.00044946,,0.67,2957.2,0.00082841,,1.31,1824,0.00018093,,0.44,2164,0.00032512,,0.67,953.2,0.00137,,1.69,1827,0.00009163,,0.31,2162,0.00017793,,0.42
1324,1324WOODVILLAGE,KUMASI METRO,MTN,956.2,0.00032226,,0.81,1853,0.00000181,,0.04,2162,0.00002905,,0.17,958.7,0.00027374,,0.75,1827,0.00000172,,0.04,2163,0.00010814,,0.33,956.2,0.00025466,,0.72,1827,0.00000145,,0.03,216,0.00006884,,0.26
1330,1330DANYAME,Kumasi metro,MTN,953.2,0.00027083,,0.75,954.7,0.00024027,,0.7,954.7,0.00019646,,0.64,1823,0.00008873,,0.31,1821,0.00010815,,0.34,1829,0.00010434,,0.33,2163,0.00018196,,0.42,2138,0.0000884,,0.29,2163,0.00031018,,0.56
1331,1331APRABO,KUMASI METRO,MTN,926.2,0.000305,,0.79,1800,0.00027715,,0.55,2122,0.00000347,,0.05,926.2,0.000319,,0.81,1829,0.00010168,,0.33,2122,9.9633E-07,,0.03,926.2,0.0000699,,0.38,1829,0.0000645,,0.26,2121,0.000643,,0.02
1333,1333KDSO_WAMASI,Kumasi metro,MTN,939.8,5.602E-08,,0,939.8,7.212E-08,,0.01,939.8,2.8017E-07,,0.03,1840,5.393E-07,,0.02,1840,1.5647E-07,,0.01,1840,1.3808E-07,,0.01,2139,7.73E-08,,0,2139,1.5143E-07,,0.01,2139,8.729E-08,,0
1918,1918ATASOMANSO,Kumasi metro,MTN,955.2,0.00033014,,0.82,952.2,0.00021932,,1.11,955.2,0.00058894,,1.1,1821,0.00018496,,0.44,1823,0.00006133,,0.48,1821,0.00052147,,0.75,2162,0.00010403,,0.32,2162,0.00006133,,0.24,2163,0.00010533,,0.32
1925,1925ANWOMASO,KUMASI METRO,mtn,952.2,0.00051757,,1.04,954.2,0.00058489,,1.1,947.2,0.0000822,,0.42,1853,0.00000205,,0.05,1853,0.0000019,,0.04,1853,0.000000274,,0.05,2122,0.00000283,,0.05,2138,9.3425E-07,,0.03,2123,0.0000017,,0.04
1929,1929ESERESO,Kumasi metro,MTN,956.2,0.00109,,1.5,953.2,0.00078434,,1.28,955.7,0.00113,,1.53,1824,0.00006042,,0.25,1823,0.00004497,,0.22,1823,0.00001407,,0.12,2138,0.00000225,,0.04,2136,0.00000257,,0.05,2138,0.00000188,,0.04
347,1954ANKAASE,KUMASI METRO,MTN,959.2,0.00345,,2.68,1823,0.00038988,,0.68,2136,0.00001758,,0.15,959.2,0.0001376,,0.53,1823,0.0000449,,0.28,2138,0.00001465,,0.12,926.2,0.00053785,,1.07,1823,0.0000449,,0.22,2139,0.00001911,,0.13
CS1752,3602SANFO_ADUM,KUMASI METRO,MTN,934.2,490.83,,,944.2,,,,952.2,,,,1842,29.26,,,,,,,,,,,,0,,,,,,,,,,
CS1782/3682,3632BEKWAI_3,KUMASI METRO,MTN,944.2,387.54,,,955.2,,,,959.2,,,,1821,63.9,,,1830,,,,,,,,,0,,,,,,,,,,
1244,ABOABO_ACADEMY,KUMASI METRO,VODAFONE,926.2,0.00020335,,0.66,946.2,0.0001346,,0.53,931.7,0.00012269,,0.51,1853,0.00009389,,0.31,1853,0.00009511,,0.32,1853,0.00005801,,0.24,2123,0.0001423,,0.37,2122,0.00008465,,0.29,2127,0.00114,,1.07
OLD 62,Abuakwa(Kumasi)(old62),KUMASI METRO,EXPRESSO,941.7,0.00021791,,0.68,935.2,0.00022855,,0.69,937.7,0.00016274,,0.58,1841,0.00004764,,0.22,1832,0.0000723,,0.01,1844,0.00003561,,0.19,2162,5.4606E-07,,0.02,2163,0.000035342,,0.01,2164,3.1661E-07,,0.01
1096,AFFUL_NKWANTA,KUMASI METRO,VODAFONE,951.2,0.00029763,,0.91,943.7,0.00060662,,1.21,945.2,0.00027936,,0.76,1817,0.00026349,,0.53,1811,0.00093518,,1.21,1820,0.00008586,,0.3,2123,0.00038826,,0.62,2123,0.00072455,,0.38,2122,0.00069668,,0.83
1031,AGRIC_COLLEGE,KUMASI METRO,VODAFONE,939.8,1.5001E-07,,0.02,1840,0.00015329,,0.01,2139,0.00064772,,0.02,939.8,4.702E-08,,0.01,1840,0.00026232,,0.01,2139,0.00000246,,0.04,939.8,1.0624E-07,,0.01,1840,0.00000134,,0.03,2139,0.00093984,,0.03
1024,AHINSAN_ESTATE,KUMASI METRO,VODAFONE,948.7,0.00014723,,0.55,949.7,0.00002976,,0.66,954.7,0.0000964,,0.45,1853,0.00000289,,0.05,1853,0.00000465,,0.07,1853,0.00000876,,0.09,2122,0.00032063,,0.56,2123,0.0001621,,0.4,2122,0.00012944,,0.36
1088,ANWOMASO,KUMASI METRO,VODAFONE,931.2,0.00013249,,0.53,945.7,0.00005206,,0.33,931.2,0.00021967,,0.68,1820,0.0000247,,0.17,1851,9.4759E-07,,0.03,1817,0.00000174,,0.04,2123,0.00012666,,0.35,2122,0.00001402,,0.11,2122,0.00023188,,0.48
ASB 1035,ANYINAM_AS,KUMASI METRO,VODAFONE/MTN,952.2,0.00299,,2.5,1808,0.00006399,,0.3,2123,0.00053139,,0.73,944.7,0.00095256,,1.41,1856,0.00011989,,0.35,2122,0.00014954,,0.38,947.2,0.00030579,,0.8,1811,0.00010947,,0.34,2122,0.00092064,,0.96
1029,ASH_TOWN,KUMASI METRO,VODAFONE,947.2,0.00024952,,0.72,945.7,0.0000317,,0.25,948.2,0.00000361,,2.75,1851,6.5448E-07,,0.02,1851,9.2219E-07,,0.03,1851,0.00001661,,0.13,2122,0.00007586,,0.27,2122,0.00000505,,0.07,2122,0.00000666,,2.59
ASB 1086,ATASOMANSO,KUMASI METRO,VODAFONE,940.2,4.244E-08,,0,1856,1.2937E-07,,0.01,2122,2.5727E-07,,0.01,948.7,1.4413E-07,,0.01,1841,1.0674E-07,,0.01,2122,1.5428E-07,,0.01,943.7,1.1624E-07,,0.01,1842,7.063E-08,,0,2122,4.6685E-07,,
1042,AYEDUASE,KUMASI METRO,VODAFONE,943.7,0.00205,,2.08,948.2,0.00063264,,1.15,943.7,0.00081046,,1.3,1835,0.00021525,,0.48,1835,0.00019705,,0.46,1832,0.00014645,,0.39,2122,0.00015873,,0.4,2123,0.00029155,,0.54,2123,0.00042351,,0.65
ASB1030,BANTAMA,KUMASI METRO,VODAFONE,946.2,0.00019085,,0.63,948.7,0.00025178,,0.72,944.7,0.00010297,,0.46,1835,0.00032022,,0.58,1833,0.00082322,,1,1833,0.00029236,,0.51,2122,0.00015758,,0.39,2122,0.00015311,,0.39,2147,0.00014443,,0.38
1257,BOKRO_GYENASI,KUMASI METRO,VODAFONE,946.2,0.00075975,,1.26,1817,0.00005497,,0.24,2123,0.00010251,,0.32,947.2,0.00204,,2.07,1809,0.00009135,,0.31,2123,0.00025789,,0.51,1808,0.00006881,,0.27,2123,0.000212,,0.46,,,,
,BOMSO UST,Kumasi metro,EXPRESSO,954.7,0.00200821,,0.75,954.7,0.00017791,,0.6,954.7,0.00019288,,0.63,1829,0.00022303,,0.49,1829,0.00020812,,0.47,1823,0.00007734,,0.29,2162,0.00003906,,0.19,2162,0.00006318,,0.26,2139,0.00003084,,0.17
1037,DCS_ATONSU,KUMASI METRO,VODAFONE,949.7,0.00015531,,0.57,1839,0.00081266,,0.93,2122,0.00014938,,0.38,945.7,0.00013166,,0.52,1830,0.0002363,,0.5,2123,0.00009004,,0.3,947.2,0.00012793,,0.51,1838,0.00054116,,0.76,2123,0.00007408,,0.27
CS2871/ASB1011,DCS_BEKWAI_GT,KUMASI METRO,VODAFONE,930.7,329.76,,,947.2,,,,951.2,,,,1806,307.57,,,1836,,,,1844,,,,2136,43.27,,,2163,,,,2170,,,
ASB 1005,DCS_BUOKROM_GT,KUMASI METRO,VODAFONE,947.7,0.00000035,,0.35,1851,0.002147,,0.52,2147,0.000027,,0.30,946.2,0.00000026,,0.43,1841,0.0009447,,0.26,2143,0.000043,,0.34,944.7,0.0000006,,0.40,1841,,,0.32,2169,,,0.60
ASB1008,DCS_KUMASI_GBC,KUMASI METRO,VODAFONE,944.7,0.00468,,3.14,1833,0.00101,,1.05,2128,0.00074381,,0.86,947.2,0.00000137,,1.7,1834,0.00091993,,0.99,2122,0.00137,,1.17,947.7,0.00262,,2.35,1835,0.00104,,1.06,2123,0.00032957,,0.57
ASB 1002,DCS_PATASI_GT,KUMASI METRO,VODAFONE,945.7,0.00004792,,0.45,948.2,0.00008696,,0.42,948.2,0.00008152,,0.41,1833,0.00007432,,0.28,1830,0.00004769,,0.22,1838,0.0002094,,0.47,2122,0.00003766,,0.19,2123,0.00007499,,0.27,2122,0.0001561,,0.39
1041,DCS_STC_WORKSHOP,KUMASI METRO,VODAFONE,945.7,0.00234,,2.22,945.7,0.00214,,2.12,945.7,0.00101,,1.46,1832,0.00022279,,0.49,1832,0.00045294,,0.7,1839,0.00079486,,0.92,2123,0.00049234,,0.7,2123,0.00024807,,0.5,2122,0.0005659,,0.75
1800,Denkyemuoso,KUMASI METRO,TIGO/VODAFONE,950.7,0.00001318,,0.16,1844,0.00000907,,0.09,2122,7.4329E-07,,0.02,937.2,0.00018547,,0.62,1841,0.00003815,,0.2,2138,1.7988E-07,,0.01,945.7,0.00005766,,0.34,1844,0.0000398,,0.2,2148,0.00000679,,0.08
1083,DESPITE,KUMASI METRO,VODAFONE,944.7,0.00049459,,1.02,931.2,0.00021632,,0.67,946.2,0.00040277,,0.92,1853,0.00020461,,0.47,1833,0.00012455,,0.36,1833,0.00037082,,0.63,2123,0.00032339,,0.57,2122,0.0003669,,0.61,2123,0.00023644,,0.48
1239,ESERESO_BOKRO,KUMASI METRO,VODAFONE,946,0.00094344,,1.4,946.7,0.00099224,,1.44,946.7,0.00013294,,0.52,1824,0.00000352,,0.06,1824,0.00000473,,0.07,1856,0.00000578,,0.07,2122,0.00027253,,0.54,2123,0.00013096,,0.36,2122,0.0000875,,0.29
1261,FUMESUA_ABIREM,KUMASI METRO,VODAFONE,952.2,0.00019655,,0.64,1820,0.00002159,,0.15,2163,0.00000182,,0.04,943.7,0.0002221,,0.68,1820,0.00010987,,0.34,2163,0.00002381,,0.15,951.7,0.00014482,,0.55,1820,0.00006515,,0.26,2162,0.00000886,,0.09
CS 3693,FUMESUA_ABIREM,KUMASI METRO,VODAFONE,927.7,0.00007926,,,937.7,,,,955.7,,,,,,,,,,,,,,,,,0,,,,,,,,,,
1089,Gyenasi Kakari,KUMASI METRO,VODAFONE,946.2,0.00139,,1.71,947.7,0.00162,,1.84,946.2,0.00141,,1.72,1823,0.00002446,,0.16,1823,0.00006553,,0.26,1823,0.00002046,,0.14,2122,0.00024479,,0.49,2122,0.0002136,,0.46,2122,0.0001006,,0.31
NO ID,KNUST,KUMASI METRO,VODAFONE,953.2,0.00003634,,0.27,937.7,0.00002568,,0.23,2161,0.000965,,0.03,2163,0.00099994,,0.03,2138,0.0000026,,0.05,1830,0.000011,,0.1,1850,0.00000947,,0.1,1848,0.00001637,,0.13,,,,
1155,KNUST_PHARMACY,KUMASI METRO,VODAFONE,950.2,0.00167,,1.87,1836,0.00062694,,0.82,2122,0.00019713,,0.44,945.7,0.00041233,,0.93,1838,0.00012679,,0.37,2122,0.00003007,,0.17,947.7,0.00027138,,0.75,1838,0.00013473,,0.38,2123,0.00002247,,0.15
ASB 1001,KUMASI_EX_GT,KUMASI METRO,VODAFONE,932.2,0.00107,,1.51,947.2,0.00231,,2.2,932.2,0.00048589,,1.01,1838,0.00147,,1.26,1835,0.00128,,1.18,1818,0.00016923,,0.43,2123,0.0002368,,0.48,2121,0.00023731,,0.49,2123,0.00022492,,0.47
1119,KUMASI_GUINESS,KUMASI METRO,VODAFONE,945.2,0.00018404,,0.62,1812,0.00000714,,0.08,2123,0.0002765,,0.5,945.2,0.00018637,,0.62,1853,8.7579E-07,,0.04,2163,0.00029622,,0.54,945.2,0.0001626,,0.58,1856,8.0217E-07,,0.02,2123,0.00011485,,0.034
ASB 1034,KUMASI_POLY,KUMASI METRO,VODAFONE,945.2,0.00099602,,1.44,1838,0.00092817,,1,2122,0.00014856,,0.38,948.7,0.00001998,,0.2,1832,0.00001377,,0.12,2122,0.00039057,,0.2,948.2,0.00039755,,0.91,1830,0.00060753,,0.81,2122,0.0002026,,0.45
5,Kumasi005(Dompasi),KUMASI METRO,EXPRESSO,926.2,0.00013285,,0.53,1853,0.0046677,,0.7,2162,0.00011388,,0.33,926.2,0.00029643,,0.79,1853,0.00115,,1.11,2138,0.00007612,,0.27,926.2,0.00013651,,0.54,1853,0.00026993,,0.53,2123,0.00002794,,0.16
ASB1076,MILLENIUM_PLAZA,KUMASI METRO,VODAFONE,950.2,0.00045863,,0.98,1821,0.00006686,,0.27,2163,0.00018717,,0.43,945.2,0.00027529,,0.76,1821,0.00007294,,0.28,2122,0.00029344,,0.54,948.2,0.00006619,,0.25,1826,0.00005186,,0.23,2163,0.00005342,,0.23
ASB1074,NEW_AHENEMA_KOKOBEN,KUMASI METRO,VODAFONE,949.7,0.00042067,,0.93,1841,0.00000837,,0.09,2122,0.0001718,,0.41,948.7,0.00035409,,0.86,1841,0.00000658,,0.08,2122,0.00016759,,0.41,950.2,0.00023145,,0.69,1841,0.00000282,,0.05,2123,0.00008593,,0.29
,NZEMA,KUMASI METRO,VODAFONE,939.8,3.3502E-07,,0.04,1840,3.3783E-07,,0.01,2139,4.3412E-07,,0.02,939.8,1.2042E-07,,0.01,1840,1.7797E-07,,0.01,2134,2.2731E-07,,0.02,939.8,7.2134E-07,,0.02,1840,0.00000278,,0.05,2139,0.00053765,,0.02
1267,NZEMA_SANTASI,KUMASI METRO,VODAFONE,943.7,0.00017541,,0.6,949.7,0.00039084,,0.9,946.7,0.00016072,,0.58,1821,0.00023185,,0.5,1821,0.00013333,,0.38,1821,0.00015097,,0.4,2123,0.00027729,,0.5,2122,0.00026442,,0.51,2123,0.00012141,,0.35
CS4716/NL,Obuasi01(Mensah Krom),KUMASI METRO,expresso,927.2,0.00006483,,,944.7,,,,956.2,,,,1821,0.00002004,,,1844,,,,1853,,,,2163,0.00003902,,,,,,,2463,,,
ASB 1012,OTEC_FM_TD,KUMASI METRO,VODAFONE,950.7,0.00028782,,0.77,945.7,0.00059465,,1.11,951.2,0.00243,,2.25,1853,0.00039812,,0.65,1833,0.00030536,,0.57,1832,0.00093756,,1.01,2122,0.00007519,,0.27,2122,0.00004114,,0.19,2123,0.00005897,,0.24
1241,PATASI_NHYIAESO,KUMASI METRO,VODAFONE,927.2,0.00005483,,0.34,943.7,0.00012104,,0.5,945.2,0.00009435,,0.44,1851,0.00001453,,0.12,1851,0.00000874,,0.09,1821,0.000001212,,0.11,2122,0.000013563,,0.45,2123,0.00012788,,0.35,2122,0.00016537,,0.4
1036,RIDGE_AS,KUMASI METRO,VODAFONE,945.7,0.00074845,,1.25,945.7,0.00011386,,0.48,944.2,0.00017251,,0.6,1821,0.00000409,,0.06,1829,0.00001146,,0.11,1821,0.00000198,,0.04,2123,0.00012864,,0.36,2122,0.00007168,,0.26,2123,0.00009064,,0.3
1073,SANTASI,KUMASI METRO,VODAFONE,947.7,0.000148,,0.55,947.7,0.0001846,,0.62,950.7,0.00018523,,0.07,1842,0.00000913,,0.09,1842,0.000013,,0.11,1842,0.00000475,,0.07,2122,0.00028242,,0.53,2122,0.00023267,,0.48,2122,0.0004004,,0.63
,SANTASI_AGRIC,KUMASI METRO,VODAFONE,939.8,1.1601E-07,,0.02,939.8,6.392E-08,,0.01,939.8,6.463E-08,,0.01,1840,1.2117E-07,,0.01,1840,6.999E-08,,0,1840,1.2785E-07,,0.01,2139,0.00014519,,0.38,2139,0.00000985,,0.09,2139,0.00001162,,0.1
1047,SOBORO,KUMASI METRO,VODAFONE,947.7,0.00017782,,0.61,944.7,0.00035977,,0.87,927.2,0.00013069,,0.52,1809,0.0000778,,0.29,1815,0.00017801,,0.44,1856,0.00010607,,0.33,2122,0.00061194,,0.78,2123,0.00003088,,0.55,2123,0.00144,,1.2
ASB 1022,SOFOLINE_SUNTRESO_SOUTH,KUMASI METRO,VODAFONE,952.7,0.00019544,,0.4,954.7,0.0024985,,0.72,953.7,0.0004359,,0.95,1827,0.00000142,,1.24,1821,0.00024159,,0.51,1821,0.0000557,,0.29,2162,0.00039685,,0.63,2163,0.00001976,,0.41,212,0.00022145,,0.39
1048,SOKOBAN,KUMASI METRO,VODAFONE,930.7,0.00010692,,0.47,1850,0.00000527,,0.07,2138,0.00000443,,0.06,945.7,0.0000757,,0.39,1850,0.00001076,,0.1,2162,0.000002,,0.04,944.7,0.00010749,,0.47,1854,0.00000407,,0.06,2147,0.00000284,,0.84
OLD 65,Tafo(Kumasi)(old65),KUMASI METRO,EXPRESSO,959.2,0.0001373,,0.53,959.2,0.00017623,,0.6,959.2,0.00002638,,0.23,1827,0.00001477,,0.12,1824,0.000010467,,0.33,1829,0.00000504,,0.07,2162,0.00001271,,0.11,2163,0.00016815,,0.41,2163,0.0000022,,0.04
1242,TANOSO_AGRIC,KUMASI METRO,VODAFONE,939.2,0.00038823,,0.9,947.7,0.00022582,,0.68,946.2,0.00044962,,0.97,1809,0.00002621,,0.16,1811,0.00003623,,0.19,1818,0.00011628,,0.35,2122,0.00011029,,0.33,2122,0.00005509,,0.26,2123,0.00012996,,0.36
FADED,UST_ACADEMY,KUMASI METRO,VODAFONE/TIGO,944.2,0.00083491,,1.32,1856,0.00013062,,0.4,2122,0.0006383,,0.32,947.2,0.0009379,,1.4,1821,0.00009454,,0.32,2122,638.41,,0.8,944.2,0.00047836,,1,1821,0.00003709,,0.18,2123,0.0009523,,0.98
FADED,UST_ACADEMY,KUMASI METRO,VODAFONE/TIGO,944.2,0.00083491,,1.32,947.2,0.0009379,,1.4,944.2,0.00047836,,1,1856,0.00013062,,0.4,1821,0.00009454,,0.32,1821,0.00003709,,0.18,2122,0.00006383,,0.25,2122,0.00063841,,0.8,2123,0.0009523,,0.98
1252,UST_AYEDUASE,KUMASI METRO,VODAFONE,944.2,0.00002088,,0.2,944.2,0.00218,,2.14,944.2,0.00035548,,0.88,1821,0.00000623,,0.08,1854,0.00004989,,0.23,1854,0.00002435,,0.16,2121,0.00000478,,0.06,2123,0.00017171,,0.41,2122,0.00010068,,0.31
1004/0498,UST_GT,KUMASI METRO,VODAFONE,954.7,0.00021247,,0.66,955.2,0.00037252,,0.88,954.2,0.00051266,,1.03,1821,0.00001089,,0.1,1821,0.0000208,,0.15,1821,0.00001271,,0.16,2122,0.0003555,,0.59,2123,0.00005847,,0.24,2122,0.00109,,1.05
,Adum Central,KUMASI METROPOLITAN,TIGO,953.7,0.00011819,,0.49,1844,0.00017115,,0.43,2128,0.00002406,,0.15,953.7,0.0005869,,1.1,1854,0.00019588,,0.46,2121,0.00012841,,0.36,953.7,0.00010439,,0.31,1824,0.00006324,,0.41,2122,0.0001021,,0.42
1843,Adum Pampaso,KUMASI METROPOLITAN,TIGO,937.7,0.00264,,2.37,1823,0.0008272,,0.95,2148,0.00018894,,0.43,,,,,,,,,,,,,,,,,,,,,,,,
1224,Agric Nzema,KUMASI METROPOLITAN,TIGO,939.8,1.7764E-07,,0.01,1840,0.00000148,,0.04,2139,9.9977E-08,,0.03,939.8,9.361E-07,,0.06,1840,5.9769E-07,,0.02,2139,3.3101E-07,,0.01,939.8,0.000000226,,0.06,1840,0.00000615,,0.08,2139,8.2188E-07,,0.02
,Ahodwo,KUMASI METROPOLITAN,TIGO,943.7,0.00884,,4.32,948.2,0.0079,,4.09,953.7,0.000512,,4.32,1844,0.00008858,,0.3,1844,0.00004492,,0.22,1841,284.15,,0.01,2136,3.0047E-07,,0.01,2136,1.5538E-07,,0.01,2138,2.4004E-07,,0.01
1802,Apere,KUMASI METROPOLITAN,TIGO,929.2,0.00035282,,0.86,1842,0.0000339,,0.19,2122,0.00000303,,0.05,936.2,0.00011108,,0.48,1841,0.00002793,,0.17,2122,0.0000022,,0.04,939.2,0.00055687,,1.08,1844,0.00002554,,0.16,2162,0.00000131,,0.03
1841,Ashtown,KUMASI METROPOLITAN,TIGO,952.2,0.00096891,,1.42,955.7,0.00157,,1.81,955.7,0.00634,,3.63,1856,0.00143,,1.23,1856,0.00099278,,1.03,1826,0.0009134,,0.99,2138,0.00005491,,0.27,2162,0.0000881,,0.29,2163,0.00117,,1.09
3220,Ashtown Ahenboboano,KUMASI METROPOLITAN,TIGO,943.7,0.00067315,,1.19,943.7,0.00009151,,0.43,943.7,0.50365,,1.03,1830,0.00062071,,0.86,1830,0.00023883,,0.5,1832,0.00423,,2.14,2123,0.00032847,,0.61,2123,0.00016254,,0.4,2123,0.00057544,,0.76
1222,Asokwa,KUMASI METROPOLITAN,TIGO,931.7,0.00016005,,0.58,932.2,0.00007058,,0.38,931.7,0.00025569,,0.73,1821,0.00006082,,0.25,1844,0.00005915,,0.25,1841,0.00005573,,0.24,2163,0.00015915,,0.4,2123,0.00001745,,0.13,2122,0.00000635,,0.08
,Atasomanso,KUMASI METROPOLITAN,TIGO,938.2,0.00020194,,0.02,938.2,0.00015349,,0,942.7,0.00014095,,0.01,1844,0.000017,,0.04,1844,0.00008472,,0.01,,,,,,,,,,,,,,,,
,Ayeduase,KUMASI METROPOLITAN,AIRTEL/TIGO,930.2,0.000359,,,941.2,,,,953.2,,,,1821,0.005474,,,1841,,,,1853,,,,211,0.000219,,,2127,,,,2147,,,
1205,Ayigya ,KUMASI METROPOLITAN,TIGO,941.2,0.00113,,1.54,927.2,0.0009544,,1.43,93.2,0.00032158,,0.82,1851,0.00012316,,0.36,1851,0.00032158,,0.82,1851,0.00005132,,0.25,2147,0.00017122,,0.41,2147,0.00019106,,0.43,2146,0.0000572,,0.24
,Boadi,KUMASI METROPOLITAN,TIGO,935.2,0.00003141,,1.33,937.7,0.00013943,,0.54,938.7,0.00070253,,1.23,1841,0.00026478,,0.53,1847,0.00013495,,0.4,1844,0.00012731,,0.37,2147,0.00005375,,0.23,2148,0.00002447,,0.15,2147,0.00017135,,0.42
1215,Daban,KUMASI METROPOLITAN,TIGO,937.7,0.00030309,,0.8,1854,0.00022546,,0.49,2138,0.00011306,,0.33,928.2,0.00122,,1.62,1844,0.00040562,,0.66,2148,0.00006818,,0.26,935.7,0.00066286,,1.18,1844,0.00056802,,0.78,2147,0.00036495,,0.6
7416,Edwinase,KUMASI METROPOLITAN,TIGO,935.2,0.00021065,,0.25,925.7,0.00015063,,0.56,940.2,0.00826,,4.18,1844,0.00006251,,0.25,1821,0.00064115,,0.83,1842,0.00017885,,0.43,2147,0.00002616,,0.16,2163,0.00009346,,0.3,2122,0.00005623,,0.23
,Knust Republic Hall,KUMASI METROPOLITAN,TIGO,940.7,0.00024024,,0.71,942.2,0.00005429,,0.33,935.7,0.00007531,,0.4,1823,0.00007614,,0.28,1848,0.00030085,,0.56,1847,0.00023982,,0.56,2127,1.7965E-07,,0.01,2127,8.394E-08,,0,2148,2.2661E-07,,0.01
1803,Kotei,KUMASI METROPOLITAN,TIGO,931.2,0.00021913,,0.68,931.2,0.00028804,,0.78,931.2,0.001,,1.46,1853,0.00010652,,0.33,1853,0.00010754,,0.34,1842,0.00042242,,0.67,2148,0.00003375,,0.18,2146,0.00002803,,0.17,2147,0.00027137,,0.52
1276,Krofrom,KUMASI METROPOLITAN,TIGO,931.2,0.00071849,,1.23,930.7,0.00022216,,0.68,931.7,0.00044888,,0.97,1814,0.00025483,,0.52,1841,0.00015955,,0.41,1844,0.00029171,,0.56,2146,0.00015447,,0.39,2148,0.00037918,,0.61,2136,0.00044552,,0.67
1284,Kumasi Anloga,KUMASI METROPOLITAN,TIGO,942.7,0.00108,,1.51,1854,0.0006035,,0.8,2147,0.00012204,,0.35,938.7,0.00126,,1.63,1842,0.003121612,,0.58,2146,0.00010192,,0.32,935.2,0.00182,,1.97,1841,0.00041165,,0.66,2148,0.00010088,,0.31
1201,Kumasi Main Office,KUMASI METROPOLITAN,TIGO,937.7,0.00007597,,0.4,937.7,0.00016455,,0.59,937.7,0.00021635,,0.67,1853,0.00018156,,0.44,1853,0.00011663,,0.35,1841,0.00010635,,0.33,2147,0.00018531,,0.43,2147,0.00005647,,0.23,2147,0.00006767,,0.26
1282,Kumasi Poly,KUMASI METROPOLITAN,TIGO,936.7,,,1.17,936.2,0.00228,,2.2,936.2,0.00009004,,0.43,1841,0.00009513,,0.32,1841,0.00023947,,0.5,1841,0.00006474,,0.26,2128,0.00001281,,0.11,2128,0.00004845,,0.22,2122,0.00001625,,0.12
,Kwadaso Ohwimase,KUMASI METROPOLITAN,TIGO,953.2,0.00122,,1.6,936.2,1.80156658,,3.83,954.2,0.0003344,,0.83,1826,0.00047694,,0.72,1823,0.00064427,,0.83,1821,0.00132,,1.2,2162,0.00005549,,0.35,2162,0.00012203,,0.34,2162,0.00011943,,0.34
1214,Kyiapatre,KUMASI METROPOLITAN,TIGO,947.2,0.00579,,3.49,1842,0.00004702,,0.22,2147,0.00013527,,0.37,949.7,0.00237,,2.23,1842,0.00002539,,0.16,2138,0.0002164,,0.46,947.2,0.00052075,,1.04,1842,0.00003245,,0.18,2147,0.0001568,,0.39
1277,Mbrom,KUMASI METROPOLITAN,TIGO,941.2,0.00051724,,1.04,937.2,0.00032783,,0.83,937.2,0.00085813,,1.35,1842,0.00037175,,0.63,1826,0.00022012,,0.49,1826,0.00013092,,0.37,2162,0.00090225,,1.19,2163,0.001,,1,2162,0.00007858,,0.28
1289,NEW_AHENEMA_KOKOBEN,KUMASI METROPOLITAN,TIGO,941.2,0.57,,,1821,0.21,,,2147,0.41,,,935.7,0.61,,,1841,0.36,,,2147,0.75,,,938.2,0.56,,,1842,0.46,,,2147,1.36,,
,Oduom,KUMASI METROPOLITAN,TIGO,936.2,0.00006207,,0.36,936.2,0.00027771,,0.76,938.2,0.00024655,,0.72,1844,0.00006016,,0.25,1844,0.00003514,,0.19,1844,0.00008439,,0.3,2122,0.00000676,,0.08,2127,0.00000161,,0.04,2123,0.00001751,,0.13
,Roman Hill,KUMASI METROPOLITAN,TIGO,937.2,0.0013,,1.66,1844,0.00025815,,0.52,2147,0.00046044,,0.68,945.2,2.82/1000,,2.44,1833,0.000425,,0.67,2121,0.0005936,,0.77,946.7,0.00000463,,3.12,1821,0.50353,,0.74,2123,0.0001478,,0.39
1211,South Suntreso,KUMASI METROPOLITAN,TIGO,931.7,0.00019799,,0.64,931.7,0.00021831,,0.68,930.7,0.00030057,,0.8,1818,0.00012187,,0.8,1842,0.00009358,,0.31,1844,0.00009156,,0.31,2148,0.000105,,0.31,2147,0.0001053,,0.46,2147,0.0000962,,0.27
1208,Suame Roundabout,KUMASI METROPOLITAN,TIGO,937.2,0.00006304,,0.36,937.2,0.00006271,,0.36,942.2,0.000011208,,0.48,1844,0.00000339,,0.06,1845,0.00001031,,0.1,1841,0.00002605,,0.16,2146,0.00000922,,0.09,2146,0.00002129,,0.14,2138,0.00006635,,0.25
0369,0369BUOKROM_2,KWABRE,MTN,955.2,0.00000084,,0.84,1841,0.002163,,0.38,2163,0.000029,,0.04,954.7,0.00000049,,0.82,1841,0.0009541,,0.49,2163,0.00005,,0.14,954.1,0.00000005,,0.81,1841,,,0.4,2163,,,0.05
0423,0423ATIMATIM_2,KWABRE,MTN,954.7,0.00000089,,0.89,1854,0.002163,,0.27,2163,0.000035,,0.18,954.7,0.00000089,,0.89,1854,0.0009548,,0.89,2163,0.000053,,0.18,954.8,0.00000001,,0.31,1854,,,0.27,2163,,,0.01
468,0468AHWIA_OVSEA,KWABRE,MTN,953.7,0.00000052,,0.52,1854,0.002146,,0.09,2146,0.000023,,0.16,954.2,0.00000042,,0.67,1854,0.0009527,,0.42,2164,0.000042,,0.17,952.7,0.00000021,,0.52,1854,,,0.17,2164,,,0.21
912,0912AHWIAA,KWABRE,MTN/AIRTEL,953.7,0.00000085,,0.85,1851,0.002163,,0.25,2163,0.000029,,0.08,953.7,0.00000016,,0.67,1851,0.0009582,,0.16,2163,0.000049,,0.16,958.2,0.00000013,,0.34,1851,,,0.29,2163,,,0.13
AR 0981,0981BONWIRE,KWABRE,MTN,957.2,0.0000005,,0.50,1860,0.002168,,0.09,2168,0.000032,,0.16,957.2,0.00000014,,0.47,1860,0.0009527,,0.14,2160,0.000064,,0.17,952.7,0.00000012,,0.64,1860,,,0.11,2154,,,0.12
AR 0985,0985ABOASO,KWABRE,MTN,959.2,0.00000059,,0.59,1851,0.002146,,0.19,2146,0.00000057,,959.2,39,0.002148,,1857,63,0.000026,,2148,69,0.00000026,,953.2,26,,,1847,59,,,2148,68,,,
1672,1672BUOHO,KWABRE,MTN,957.7,0.0000008,,0.80,1860,0.002138,,0.14,2138,0.000029,,0.01,958.2,0.00000016,,0.82,1853,0.0009582,,0.16,2128,0.000059,,0.02,958.2,0.00000001,,0.40,1853,,,0.24,2163,,,0.01
1687,1687ASH_KENYASE,KWABRE,MTN,959.2,0.00000042,,0.42,1844,0.002162,,0.04,2162,0.000027,,0.09,955.2,0.00000016,,0.49,1844,0.0009572,,0.16,2162,0.000066,,0.09,957.2,0.00000003,,0.64,1856,,,0.05,2162,,,0.03
1954 AR,1954ANKAASE,KWABRE,MTN,959.2,0.0000009,,0.90,,0,,,,0.000032,,,954.2,0,,1.31,1805,0.0009542,,0,,0.00007,,,954.2,,,1.17,1805,,,0,,,,
AR 2616,2616ADUMASESE,KWABRE,MTN,957.2,0.00000042,,0.42,1851,0.002123,,0.28,2123,0.000038,,0.01,953.7,0.00000017,,0.14,1851,0.0009572,,0.17,,0.000062,,,957.2,0,,0.60,1851,,,0.15,,,,
2655,2655AFRANCHO_2,KWABRE,MTN,953.2,0.00000057,,0.57,1853,0.002163,,0.13,2163,0.000029,,0.08,954.2,0.00000023,,0.61,1853,0.0009543,,0.23,2163,0.000056,,0.13,954.3,0.00000018,,0.71,1851,,,0.26,2163,,,0.18
3611,3611DUMANAFO,KWABRE,MTN,956.2,0.00000056,,0.56,1851,0.002122,,0,2122,0.000041,,0,957.2,0,,0.47,1851,0.0009572,,0,,0.000069,,,957.2,,,0.43,1823,,,0,2123,,,0
3638,3638DUASI,KWABRE,MTN,953.7,0.00000065,,0.65,1853,0.002162,,0.13,2162,0.000023,,0.10,953.7,0.00000014,,0.69,1853,0.0009527,,0.14,2163,0.000049,,0.10,952.7,0.00000004,,0.82,1853,,,0.23,2163,,,0.04
ASB 1098,ABIREM,KWABRE,VODAFONE,957.2,0,,,1842,0.002168,,,2168,0.000029,,,958.7,0,,,1853,0.0009522,,,2162,0.000055,,,952.2,,,,1854,,,,2169,,,
ASB 1262,ABIRIM_BUOKROM,KWABRE,VODAFONE,945.7,0.00006117,,61.17,1844,0.002162,,0.06,2162,0.000039,,0.14,945.7,0.00000004,,0.29,1844,0.0009442,,0.04,2163,0.000063,,0.12,944.2,0.00000007,,0.34,1844,,,0.12,2163,,,0.07
ASB 1124,ABOABOGYA,KWABRE,VODAFONE,950.7,0.00001271,,12.71,1851,0.002151,,43.65,2151,0.000067,,132.84,950.7,0.00003104,,13.72,1851,0.0009517,,31.04,2146,0.000064,,2.38,951.7,0.00008173,,14.52,1851,,,63.19,2169,,,81.73
ASB 1101,ABOASO,KWABRE,VODAFONE,959.2,0,,,1851,0.002166,,,2166,0.000038,,,946.7,0,,,1851,0.0009597,,,2148,0.000069,,,959.7,,,,1851,,,,2148,,,
ASB 1183,ADANWOMASE,KWABRE,MTN/VODAFONE,952.7,0.00000027,,0.27,,0.002159,,,2159,0.000032,,0.09,954.2,0,,0.22,,0.0009572,,,2168,0,,0.15,957.2,0.00000014,,0.69,,,,,2168,,,0.14
ASB 1079,AHWIA,KWABRE,VODAFONE,949.2,0.00000039,,0.39,1853,0,,0.1,,0.000043,,,949.2,0.00000001,,0.39,1853,,,0.01,,,,,,,,,,,,,,,,
ASB 1263,ATIMATIM_NORTH,KWABRE,VODAFONE,944.2,0.00000025,,0.25,1841,0.002163,,0.04,2163,0.000034,,0.23,945.7,0.00000009,,0.20,1853,0.0009472,,0.09,2163,0.000049,,0.21,947.2,0.00000038,,0.32,1841,,,0.05,2163,,,0.38
ASB 1033,BUOHO,KWABRE,VODAFONE/AIRTEL,946.2,0.00000065,,0.65,1853,0.00216,,0.01,2160,0.000027,,0.37,946.2,0.00000005,,0.42,1853,0.0009477,,0.05,2160,0.000048,,0.39,947.7,0.00000027,,0.32,1853,,,0.05,2160,,,0.27
ASB 1115,DCS_BONWIRE_GT,KWABRE,VODAFONE,957.2,0.00000029,,0.29,1860,0.002127,,0.06,2127,0.000043,,0.01,957.1,0.00000005,,0.30,1860,0.0009472,,0.05,2127,0.000069,,0.02,947.2,0.00000001,,0.47,1860,,,0.02,2127,,,0.01
ASB 1080,DCS_MAMPONTENG,KWABRE,VODAFONE,954.2,0.00000014,,0.14,1842,0,,0.74,,0.000042,,,959.2,0.00000008,,0.12,1852,0.0009462,,0.08,,0.000067,,,946.2,,,0.15,1854,,,0.03,2163,,,0
,Mampongteng,KWABRE,AIRTEL,954.2,0.00000014,,0.14,1842,0,,0.74,,0.000042,,,959.2,0.00000008,,0.12,1852,0.0009462,,0.08,,0.000067,,,946.2,,,0.15,1854,,,0.03,2163,,,0
1819/ASB 1127,Ntonso 1800,KWABRE,TIGO/VODAFONE/AIRTEL,955.2,0.00000027,,0.27,1841,,,0.10,,0.00003,,,955.2,0.00000015,,0.34,1844,0.0009552,,0.15,,0.000044,,,955.2,,,0.35,1842,,,0.07,,,,
GH0330,Tano Odumasi,KWABRE,AIRTEL/MTN,959.2,0.00000036,,0.36,1818,0.002123,,0.01,2123,0.000032,,0.03,953.7,0.00000001,,0.44,1814,0.0009597,,0.01,2122,0.000069,,0.03,959.7,0.00000001,,0.24,1814,,,0.01,2122,,,0.01
1807,Aberim 1800,KWABRE EAST,TIGO,953.2,0.00000014,,0.14,1842,0.002163,,0.11,2163,0.000047,,0,953.2,0.0000002,,0.08,1844,0.0009572,,0.20,2128,0.000041,,0.01,957.2,0.00000001,,0.06,1844,,,0.01,2162,,,0.01
ACH 1856,Aboaso,KWABRE EAST,TIGO,948.2,0.0000007,,0.70,1877,0.002169,,0.01,2169,0.000051,,0.10,941.2,0.00000001,,0.29,1823,0.0009492,,0.01,2147,0.000069,,0.14,949.2,0.00000003,,0.31,1824,,,0.01,2147,,,0.03
1809,Asonomaso 1800,KWABRE EAST,TIGO,954.2,0.00000001,,0.01,1844,0.002123,,0.07,2123,0.000069,,0,956.2,0.00000002,,0.01,1844,0.0009451,,0.02,2122,0.000069,,0,945.1,,,0,1860,,,0.05,,,,
1273,Kenyase No.2,KWABRE EAST,TIGO,947.2,0.00000031,,0.31,1851,0.002162,,0.02,2162,0.000041,,0.02,947.2,0.00000004,,0,1851,0.0009472,,0.04,2164,0.000063,,0.03,947.2,0.00000002,,0.24,1856,,,0.02,2163,,,0.02
1825,Nyinahin,KWABRE EAST,TIGO,946.7,0.00000024,,0.24,1823,,,0.01,,0.000059,,,959.2,0.00000002,,0.92,1823,0.0009467,,0.02,,0.000063,,,946.7,,,0.24,1823,,,0.01,,,,
618,Asokore Mampong,MAMPONG,AIRTEL,950.7,0.00000001,,0.01,1830,,,0,,0.000068,,,948.7,,,0.01,1830,0.0009467,,0,,0.000068,,,946.7,,,0,1836,,,0,,,,
,Mampong,MAMPONG,AIRTEL,947.2,0.00000002,,0.02,1853,0.002163,,0.02,2163,0.000058,,0,947.2,,,0.02,1853,0.0009397,,0,2168,0.000067,,0,939.7,,,0.01,1853,,,0.01,2162,,,0
1834,Mampong NewTown,MAMPONG MUNICIPAL,TIGO,948.2,0.00000016,,0.16,1859,0.002163,,0.06,2163,0.000039,,0.05,947.2,0.00000005,,0.15,1853,0.0009412,,0.05,2169,0.000059,,0.07,941.2,0.00000006,,0.17,1853,,,0.03,2162,,,0.06
1219,Mampong Two 1800,MAMPONG MUNICIPAL,TIGO,946.7,0.00000002,,0.02,1860,,,0.02,,0.000059,,,950.7,0.00000002,,0.02,1860,0.0009507,,0.02,,0.000069,,,950.7,,,0.01,1860,,,0.01,,,,
,Kantenkyiren,MPONUA,AIRTEL,912.4,0.000251,,,918.7,,,,921.2,,,,1818,0.000241,,,1821,,,,1826,,,,2121,,,,2127,,,,2130,,,
,Nkawie,MPONUA,AIRTEL,910.4,0.00019,,,918.7,,,,921.7,,,,1818,0.000185,,,1821,,,,1824,,,,,,,,,,,,,,,
GH048,Nkawie,MPONUA,AIRTEL,950.2,0.00000014,,0.14,1839,,,0.16,,0.000054,,,950.2,0.00000009,,0.09,1860,0.0009447,,0.09,,0.000068,,,944.7,,,0.23,1860,,,0.16,,,,
,Ntensere,MPONUA,AIRTEL,928.4,0.00012,,,932.7,,,,946.2,,,,1822,,,,85.9,,,,1832,,,,,,,,,,,,,,,
CS4718/1886,1689OBUASI_4,OBUASI,MTN,925.7,0.000298,,,955.2,,,,959.2,,,,1824,0.0000788,,,1851,,,,1860,,,,2139,0.0000322,,,2163,,,,2170,,,
CS2255/2624,2624OBUASI_6,OBUASI,MTN,946.7,0.00092,,,954.73,,,,959.2,,,,1821,0.000164,,,1852,,,,,,,,2128,0.000459,,,2148,,,,2169,,,
CS4415/2084,Adomanu,OBUASI,AIRTEL,924.2,0.000194,,,934.2,,,,958.7,,,,1820,0.000805,,,1800,,,,,,,,,,,,,,,,,,,
CS2440/ASB1109,AKROKERRI,OBUASI,VODAFONE,932.2,0.000106,,,948.2,,,,959.2,,,,1829,0.000183,,,,,,,,,,,2163,0.000222,,,,,,,,,,
GH0043/CS2929,Bogobiri,OBUASI,TIGO,927.2,0.008726,,,932.2,,,,955.7,,,,1821,0.0000174,,,1842,,,,1854,,,,2128,0.000255,,,2128,,,,2163,,,
CS3756/NL,Govt Hill,OBUASI,TIGO,93.77,0.004297,,,957.7,,,,956.2,,,,1823,0.0000586,,,1849,,,,1853,,,,2123,,,,2148,,,,2163,,,
CS3756/NL,Govt Hill,OBUASI,MTN,926.2,0.00024323,,,937.7,,,,957.7,,,,1829,0.0002787,,,1842,,,,1847,,,,2128,0,,,2148,,,,2164,,,
CS3935/1269,Kankanfrase,OBUASI,TIGO,943.2,0.00139,,,946.7,,,,956.7,,,,1820,0.000714,,,1838,,,,1854,,,,2132,0.000225,,,2138,,,,2163,,,
4203/GN0044,Kwabrafoso,OBUASI,Airtel,930.2,0.00016005,,,952.7,,,,958.7,,,,1821,0.00010415,,,1833,,,,1854,,,,2145,0.00074504,,,2148,,,,2163,,,
ASB1158/CS4720,OBUASI_BOETE_MARKET,OBUASI,VODAFONE/AIRTEL,927.5,0.000137,,,931.2,,,,956.2,,,,,,,,,,,,,,,,,,,,,,,,,,,
CS4723/ASB1156,OBUASI_GBC,OBUASI, VODAFONE,937.7,,,,948.7,,,,953.2,,,,1800,0.000105,,,1839,,,,1860,,,,2132,0.0000643,,,2149,,,,2168,,,
CS4724/ASB 1006,OBUASI_GBC,OBUASI,Vodafone,926.2,0.0000384,,,941.7,,,,957.7,,,,1812,0.00030743,,,1829,,,,1853,,,,2128,0.00095627,,,2149,,,,2166,,,
ABB 4725,OBUASI_KYEKYEWERE,OBUASI,Vodafone,934.2,0.00089602,,,945.7,,,,958.7,,,,1817,0.00062055,,,1851,,,,1877,,,,,,,,,,,,,,,
CSB1014/CS4726,OBUASI_SEC_TECH_OT,OBUASI,Vodafone,927.7,0.00011814,,,945.7,,,,953.7,,,,1821,0.00011351,,,1829,,,,1853,,,,2138,0.00093125,,,2147,,,,2164,,,
1236,Ofori Stadium,OBUASI,Airtel/mtn/tigo,935.2,0.00025444,,,938.7,,,,959.99,,,,1823,0.00002929,,,1832,,,,1853,,,,,0,,,,,,,2163,,,
CS4976/ASB1113,SANSU,OBUASI,Vodafone,935.7,0.00060108,,,946.7,,,,,,,,1839,0.00014061,,,,,,,,,,,,,,,,,,,,,,
,TUTUKA,OBUASI,MTN,926.7,0.000223,,,946.2,,,,959.2,,,,1821,0.0000829,,,1833,,,,1851,,,,2123,0.000281,,,2147,,,,2163,,,
,Tutuka Aboagyekrom,OBUASI,TIGO,927.7,0.0000861,,,937.7,,,,945.7,,,,1821,0.0000743,,,1836,,,,1853,,,,2126,0.0000429,,,2136,,,,2168,,,
,Menumsu,ODOTOBRI,AIRTEL,921.7,0.00008919,,,927.1,,,,951.2,,,,1800,0.00002438,,,1809,,,,,,,,,,,,,,,,,,,
AR 0628,0628ABOFOR,OFFINSO,MTN,954.2,0.00000023,,0.23,1860,,,0.07,,0.000067,,,953.2,0.00000002,,0.13,1821,0.0009582,,0.02,,0.00006,,,958.2,,,0.53,1854,,,0.17,,,,
0681,0681OFFINSO,OFFINSO,MTN,954.2,0.00000019,,0.19,1860,0.002148,,0.02,2148,0.000049,,0.02,954.2,0.00000003,,0.07,1860,0.0009572,,0.03,2148,0.000056,,0.01,957.2,0.00000001,,0.25,1844,,,0.02,2148,,,0.01
0813,0813AKOMADAN,OFFINSO,MTN,958.2,0.00000017,,0.17,1860,0.002122,,0.03,2122,0.000023,,0,954.2,0.0000002,,0.64,1830,0.0009542,,0.20,2123,0.000056,,0,954.2,0,,0.64,1865,,,0.24,2123,,,0
0915,0915NKENKENSU,OFFINSO,MTN,957.2,0.00000043,,0.43,1860,0.002123,,0.09,2123,0.000028,,0.02,952.7,0.00000012,,0.43,1860,0.0009572,,0.12,2123,0.000067,,0.03,957.2,0.00000002,,0.18,1860,,,0.07,2122,,,0.02
AR 0967,0967OFFINSO_2,OFFINSO,MTN,955.2,0.00000076,,0.76,1850,0.002147,,0.27,2147,0.000023,,0,956.2,0.00000001,,0.61,1850,0.0009437,,0.01,2146,0.000067,,0.01,943.7,,,0.04,1842,,,0.01,2147,,,0
1684,1684ABOFOR_2,OFFINSO,MTN,955.2,0.00000174,,1.74,1860,,,0.18,,0.000027,,,957.2,0.00000014,,1.07,1862,0.0009572,,0.14,,0.000059,,,957.2,,,0.78,1868,,,0.14,,,,
AR 1914,1914ASUASU,OFFINSO,MTN,957.2,0.00000104,,1.04,,,,,,0.00002,,,959.2,,,1.04,,0.0009592,,,,,,,959.2,,,0.39,,,,,,,,
2660,2660OFFINSO_3,OFFINSO,MTN,952.70,0.00000127,,1.27,1844,0.002152,,0.16,2152,0.000028,,0.26,953.2,0.00000007,,0.59,1841,0.00000127,,0.07,2123,0.00215,,26,1.27,,,59,0.24,,,55,0.39,,,
2661,2661OFFINSO_4,OFFINSO,MTN,957.7,0.0000013,,1.30,1827,,,0,,0.000031,,,957.2,0,,1.21,,0.0009582,,,,0.000069,,,958.2,,,0.92,1823,,,0,,,,
3965,3965WORAPONG,OFFINSO,MTN,959.2,0.00000037,,0.37,,,,,,0.000026,,,954.7,,,0.52,,0.0009552,,,,0,,,955.2,,,0.58,,,,,,,,
,Abofuor,OFFINSO,TIGO,959.2,0.0000002,,0.20,,,,,,0.000029,,,944.2,0,,0.34,,0.0009507,,,,0.000065,,,950.7,,,0.22,1820,,,0,,,,
ASB 1054,AKUMADAN,OFFINSO,VODAFONE,953.7,0.00000047,,0.47,1860,0.00216,,0.08,2160,0.000028,,0.08,958.2,0.00000008,,0.62,1860,0.0009552,,0.08,2153,0.000065,,0.09,955.2,0.00000007,,0.32,1860,,,0.05,2160,,,0.07
1260,Akumadan,OFFINSO,TIGO,955.2,0.00000012,,0.12,1860,0.002122,,0.04,2122,0.000042,,0.02,953.7,0.00000002,,0.08,1830,0.0009542,,0.02,2160,0.000069,,0.07,954.2,0.00000002,,0.24,1860,,,0.70,2123,,,0.02
,Akumadan,OFFINSO,EXPRESSO,955.2,0.00000025,,0.25,1845,0.002123,,0.19,2123,0.000048,,0,955.2,0.00000014,,0.03,1844,0.0009552,,0.14,2123,0.000064,,0,955.2,,,0.12,1844,,,0.08,2122,,,0
GH332,Akumadan,OFFINSO,AIRTEL,954.7,0.00000026,,0.26,1830,0.002123,,0.03,2123,0.000038,,0.04,954.2,0.00000004,,0.24,1834,0.0009552,,0.04,2123,0.00007,,0.01,955.2,0.00000004,,0.42,1860,,,0.04,2123,,,0.04
GH333,Asempaneye,OFFINSO,AIRTEL,931.2,0.00000022,,0.22,,,,,,0.000069,,,934.7,,,0.23,,0.0009347,,,,,,,934.7,,,0.25,,,,,,,,
ASB 1069,DCS_OFFINSO_GT,OFFINSO,VODAFONE,955.2,0.0000001,,0.10,1875,0.002147,,0.47,2147,0.000046,,0.16,955.2,0.0000009,,0.15,1860,0.0009552,,0.90,2160,0.000059,,0.07,955.2,,,0.12,1860,,,0.76,2169,,,
GH0338,Nkenkaasu,OFFINSO,AIRTEL,938.2,0.00000028,,0.28,1823,0.002122,,0.02,2122,0.000042,,0.05,944.2,0.00000001,,0.07,1823,0.0009532,,0.01,2122,0.000057,,0.02,953.2,0.00000004,,0.28,1823,,,0.01,2122,,,0.04
ASB 1118,NKENKAASU,OFFINSO,VODAFONE,944.2,0.00000023,,0.23,1823,0.00216,,0.02,2160,0.000036,,0.26,945.2,0.00000001,,0.15,1823,0.0009467,,0.01,2163,0.000065,,0.23,946.7,0.00000034,,0.12,1823,,,0,2160,,,0.34
,Nkenkasu,OFFINSO,TIGO,946.7,0.00000018,,0.18,1823,0.002121,,0,2121,0.000039,,0,946.7,0.00000001,,0.23,1823,0.0009467,,0.01,2122,0.000064,,0.01,946.7,,,0.19,1823,,,0,2122,,,0
,Offinso,OFFINSO,TIGO,958.7,0.00000008,,0.08,1860,0.00216,,0.04,2160,0.000034,,0.05,947.7,0.00000004,,0.20,1860,0.0009477,,0.04,2160,0.000046,,0.08,947.7,0.00000013,,0.14,1860,,,0.09,2160,,,0.13
GH 0355,Offinso Asamankwa,OFFINSO,AIRTEL,950.2,0.00000017,,0.17,1844,0.002147,,0.01,2147,0.000058,,0,955.2,0.00000001,,0.07,1844,0.0009452,,0.01,2148,0.000069,,0.01,945.2,,,0.19,1830,,,0.01,2123,,,0
,Ofiso,OFFINSO,EXPRESSO,947.7,0.00000005,,0.05,1841,0.002148,,0.07,2148,0.000045,,0.02,954.7,0.00000003,,0.07,1841,0.0009542,,0.03,2147,0.000064,,0.02,954.2,0.00000002,,0.04,1841,,,0.03,2147,,,0.02
,Kumawu,SEKYERE AFRAM PLAINS,TIGO,935.7,,,0,1860,,,0,,0.000067,,,939.7,0,,0,1860,0.0009392,,0,,0.000069,,,939.2,,,0,1860,,,0,,,,
1817,Kwamang,SEKYERE CENTRAL,TIGO,,,,,,,,,,,,,,,,,,,,,,,,,,,,,,,,,,,,
,Ntonso(old89),SEKYERE CENTRAL,EXPRESSO,944.2,0.00000024,,0.24,1844,,,0.11,,0.000032,,,950.7,0.00000012,,0.30,1844,0.0009552,,0.12,,0.000047,,,955.2,,,0.25,1844,,,0.05,,,,
AR 0626,0626MAMPONG,SEKYERE EAST,MTN,958.2,0.00000002,,0.02,1853,0.002162,,0.01,2162,0.000058,,0.01,954.2,0.00000001,,0.02,1853,0.0009537,,0.01,2163,0.000069,,0.02,953.7,0.00000001,,0.01,1860,,,0.01,2162,,,0.01
AR 0662,0662KUMAWU,SEKYERE EAST,MTN,959.2,0.00000001,,0.01,1860,,,0,,0.000069,,,959.2,0,,0,1860,0.0009572,,0,,0.000067,,,957.2,,,0.01,1860,,,0,,,,
AR 0910,0910BODOMASI,SEKYERE EAST,MTN,952.7,,,0,1860,,,0,,0.000056,,,953.2,,,0.01,1854,0.0009532,,0,,0.000067,,,953.2,,,0.01,1854,,,0,,,,
,0945EFFIDUASE_2,SEKYERE EAST,MTN,957.7,0.00000068,,0.68,1856,0.002138,,0.14,2138,0.000029,,0,957.2,0.00000017,,0.96,1853,0.0009572,,0.17,2123,0.000069,,0,957.2,,,1.24,1853,,,0.15,2138,,,0
AR 1679,1679BANKO,SEKYERE EAST,MTN,959.2,0.00000004,,0.04,1860,,,0.01,,0.00005,,,955.2,0.00000002,,0.02,1860,0.0009592,,0.02,,0.000067,,,959.2,,,0.05,1860,,,0.01,,,,
1693,1693ASAMANG,SEKYERE EAST,MTN,959.2,0.00000076,,0.76,,,,,,,,,959.2,0,,0.49,,,,,,,,,949.2,,,0.53,,,,,,,,
1936,1936WORASO,SEKYERE EAST,MTN,954.2,,,0,1860,,,0,,0.000067,,,956.2,0,,0.01,1860,0.0009592,,0,,0.000069,,,959.2,,,0,1860,,,0,,,,
1939,1939SENIAGYA,SEKYERE EAST,MTN/AIRTEL,959.2,0.00000042,,0.42,1851,0.002127,,0.19,2127,0.000026,,0.01,959.2,0.00000024,,0.76,1863,0.0009592,,0.24,2163,0.000056,,0,959.2,,,0.64,1856,,,0.23,2138,,,0
1949,1949DADEASE,SEKYERE EAST,MTN,958.2,0.00000005,,0.05,1860,,,0,,0.000058,,,959.2,0,,0.03,1860,0.0009587,,0,,0.000067,,,958.7,,,0.05,1860,,,0,,,,
AR 2619,2619DAAHO,SEKYERE EAST,MTN,959.2,0.00000002,,0.02,1860,,,0.02,,0.000066,,,959.2,0.00000001,,0.02,1860,0.0009522,,0.01,,0.000065,,,952.2,,,0.01,1860,,,0,,,,
2977,2977EFF_ASOKORE,SEKYERE EAST,MTN,959.2,0.00000042,,0.42,1851,0.002127,,0.19,2127,0.000026,,0.01,959.2,0.00000024,,0.76,1863,0.0009592,,0.24,2123,0.000056,,0,959.2,,,0.64,1856,,,0.23,2138,,,0
2990,2990ASH_BANKO,SEKYERE EAST,MTN,957.2,0.00000085,,0.85,1851,,,0.02,,0.000053,,,959.2,0,,0.07,1860,0.0009592,,0,,0.000068,,,959.2,,,0.07,1860,,,0,,,,
1,Akropong(old87),SEKYERE EAST,EXPRESSO,959.2,0.00000002,,0.02,1838,,,0,,0.000057,,,959.2,0.00000001,,0.02,1860,0.0009592,,0.01,,0.000069,,,959.2,,,0.03,1860,,,0.01,,,,
,Akropong(old87),SEKYERE EAST,EXPRESSO,957.2,0.00000009,,0.09,1862,,,0.08,,0.000043,,,952.2,0.00000004,,0.10,1860,0.0009522,,0.04,,0.000067,,,952.2,,,0.12,1851,,,0.08,,,,
ASB 1117,BODOMASE,SEKYERE EAST,VODAFONE,946.2,0,,0,1860,0,,0,,0.000069,,,946.2,0,,0,1860,0.0009447,,0,,0.000068,,,944.7,,,0,1860,,,0,,,,
ASB 1154,DCS_MAMPONG_NORTH,SEKYERE EAST,VODAFONE,947.2,0.00000018,,0.18,1853,0.002169,,0.15,2169,0.000047,,0.03,956.7,0.00000022,,0.10,1851,0.0009497,,0.22,2169,0.000034,,0.05,949.7,0.00000005,,0.14,1853,,,0.34,2164,,,0.05
1218,Effiduase,SEKYERE EAST,TIGO,947.2,0.00000021,,0.21,1855,0.002136,,0.04,2136,0.000043,,0.01,945.7,0.00000005,,0.06,1854,0.0009472,,0.05,2186,0.000055,,0.02,947.2,,,0.09,1854,,,0.02,2139,,,0
GH 51,EFFIDUASE_2,SEKYERE EAST,VODAFONE,959.2,0.00000012,,0.12,1854,0.002169,,0.05,2169,0.000038,,0.22,945.7,0.00000006,,0.14,1854,0.0009457,,0.06,2168,0.000069,,0.15,945.7,0.00000016,,0.18,1854,,,0.03,2169,,,0.16
ASB 1056,EFFIDUASE_GT,SEKYERE EAST,VODAFONE,954.2,0.00000012,,0.12,1860,0.002123,,0,2123,0.000069,,0.01,951.7,0,,0.01,1860,0.0009471,,0,2123,0.000067,,0,947.1,0.00000002,,0.01,1860,,,0.08,2122,,,0.02
ASB 1102/VF4662,KUMAWU_GSM,SEKYERE EAST,VODAFONE/MTN,953.2,0.00000019,,0.19,1853,,,0.01,,0.000049,,,954.7,0,,0.03,1860,0.0009582,,0,,0.000069,,,958.2,,,0.02,1860,,,0,,,,
ASB 1187,KWAMANG,SEKYERE EAST,VODAFONE,959.2,,,,1860,,,,,0.000054,,,959.2,,,,1860,0.0009592,,,,0.000066,,,959.2,,,,1860,,,,,,,
1249,Mampong,SEKYERE EAST,TIGO/AIRTEL,943.7,,,,1853,,,,,0.000059,,,949.2,0,,,1853,0.0009452,,,,0.000059,,,945.2,,,,1853,,,,,,,
AR 0970,0979KWAMANG,SEKYERE KWARMANG,MTN/AIRTEL,943.7,,,,1853,,,,,0.000059,,,949.2,,,,1853,0.0009452,,,,0.000059,,,945.2,,,,1853,,,,,,,
664,0664JAMASI,SEKYERE SOUTH,MTN,,,,,,,,,,,,,,,,,,,,,,,,,,,,,,,,,,,,
AR 1685,1685JAMASI_2,SEKYERE SOUTH,MTN,952.7,,,,1869,,,,,0.00003,,,955.2,,,,1830,0.0009547,,,,0.000061,,,954.7,,,,1856,,,,,,,
,Agona,SEKYERE SOUTH,TIGO,,,,,,,,,,,,,,,,,,,,,,,,,,,,,,,,,,,,
1869,Boanim,SEKYERE SOUTH,TIGO,951.2,,,,,,,,,0.000035,,,944.7,,,,,0.0009457,,,,0,,,945.7,,,,,,,,,,,
,Jamasi,SEKYERE SOUTH,TIGO,,,,,,,,,,,,,,,,,,,,,,,,,,,,,,,,,,,,
,JAMASI REP,SEKYERE SOUTH,EXPRESSO,,,,,,,,,,,,,,,,,,,,,,,,,,,,,,,,,,,,
0906,0906BOANIM,SEKYERE WEST,MTN,959.2,,,,,,,,,0.000035,,,953.2,,,,,0.0009592,,,,0,,,959.2,,,,,,,,,,,
AR 0978,0978NSUTA,SEKYERE WEST,MTN,959.2,,,,1860,,,,,0.000054,,,959.2,,,,1860,0.0009592,,,,0.000066,,,959.2,,,,1860,,,,,,,
0983,0983KOFIASE,SEKYERE WEST,MTN,957.2,,,,,,,,,0.000048,,,957.2,,,,,0.0009582,,,,0,,,958.2,,,,,,,,,,,
1922,1922BEPOSO,SEKYERE WEST,MTN,959.2,,,,1853,,,,,0.000038,,,959.2,,,,1853,0.0009592,,,,0.000063,,,959.2,,,,1853,,,,,,,
AR 1698/1950,1950ATONSU_AR,SEKYERE WEST,MTN,959.2,,,,1860,,,,,0.000054,,,959.2,,,,1860,0.0009592,,,,0.000066,,,959.2,,,,1860,,,,,,,
2644,2644ADIDWAN,SEKYERE WEST,MTN,954.7,0.00000075,,0.75,,0,,,,0.000039,,,954.2,0,,0.35,,0.0009587,,,,0,,,958.7,0,,0.21,,,,,,,,
AR 2979,2979ASUOFU,SEKYERE WEST,MTN,959.2,,,,1853,,,,,0.000065,,,959.2,,,,1853,0.0009592,,,,0.000059,,,959.2,,,,1853,,,,,,,
3605,3605KYIREMFASO,SEKYERE WEST,MTN,959.2,0.00000003,,0.03,,,,,,0.000068,,,959.20,,,0.02,,0.0009592,,,,0,,,959.20,,,0.04,,,,,,,,
3610,3610BENIM,SEKYERE WEST,MTN,957.2,,,,,,,,,0.000034,,,959.20,,,,,0.0009592,,,,0,,,959.2,,,,,,,,,,,
ASB 1015/CS 4342,DCS_MAMPONG_GT,SEKYERE WEST,VODAFONE,947.7,0.00000022,,0.22,1823,0.002138,,0.52,2138,0.000034,,0.01,936.7,0.00000029,,0.36,1851,0.0009552,,0.29,2138,0.000057,,0.01,955.2,,,0.29,1852,,,0.25,2138,,,0
ASB 1059,JAMASI,SEKYERE WEST,VODAFONE,952.7,,,,1851,,,,,0.000027,,,953.2,,,,1865,0.0009552,,,,0.000065,,,955.2,,,,1862,,,,,,,
,Jamasi,SEKYERE WEST,AIRTEL,,,,,,,,,,,,,,,,,,,,,,,,,,,,,,,,,,,,
ARB 1224,KOFIASE,SEKYERE WEST,VODAFONE,,,,,,,,,,0,,,,,,,,0,,,,0,,,,,,,,,,,,,,
ASB 1188,MAMPONG_NKWANTA,SEKYERE WEST,VODAFONE,949.2,0.00000001,,0.01,1860,,,0,,0.000068,,,945.2,,,0,1860,0.0009512,,0,,0.000069,,,951.2,,,0.01,1860,,,0,,,,
