BR 2621,2621ABESEWA,Abesewa,MTN,957.2,,36,1.79,1841,0.000069,69.00,0,,0,,,955.7,0.000023,23.00,0.65,1841,0.000064,64.00,0,,,,,953.7,0.000021,,21.00,0.83,1835,0.00006,60.00,0.01,,,,,,,,
1969,1969ACHERENSUA,Acherensua,MTN,954.2,0.00000015,27,0.39,1860,0.000069,69.00,0.15,,0,,,958.2,0.000026,26.00,0.46,1860,0.000063,63.00,0.11,,,,,958.2,0.000031,,31.00,0.27,1860,0.000067,67.00,0.07,,,,,,,,
1890,Akyerensua,Acherensua,Tigo,945.2,,29,0.39,1829,0.000068,68.00,0,,0,,,946.7,0.000034,34.00,0.28,1823,0.000062,62.00,0,,,,,945.2,0.000033,,33.00,0.35,1823,0.000069,69.00,0,,,,,,,,
AS1232,Mankraso,Ahafo Ano South,TIGO,946.7,0.00000006,33,0.21,1860,0.000067,67.00,0.06,,0,,,951.2,0.000032,32.00,0.29,1842,0.000035,35.00,0.21,,,,,955.7,0.00005,,50.00,0.4,1844,0.000039,39.00,0.14,,,,,,,,
1931,1931AHWEREWAN,AHWEREWAN,MTN,958.2,0.00000001,51,0.93,1880,0.000064,64.00,0.01,,0,,,957.2,0.000028,28.00,0.74,1880,0.000065,65.00,0.00,,,,,957.2,0.000029,,29.00,1.04,1880,0.000064,64.00,0.00,,,,,,,,
2662,2662ASUADEI,ASUADAE,MTN,959.2,0.000051,51,1.05,,0,,,,0,,,954.7,0.000019,19.00,1.02,,,,,,,,,955.7,0.00002,,20.00,0.91,,,,,,,,,,,,
2662,2662ASUADEI,ASUADE,MTN,959.2,,51,1.05,,0,,,,0,,,954.7,0.000019,19.00,1.02,,,,,,,,,955.7,0.00002,,20.00,0.91,,,,,,,,,,,,
BR 0660,0660CHIRAA,BA,MTN,956.70,0.00000044,26,0.45,954.2,0.000026,26.00,0.44,959.2,0.000024,24.00,0.55,1854,0.000032,32.00,0.32,1853,0.000039,39.00,0.14,1853,0.000052,52.00,0.03,,,,,,,,,,,,,,,,,
BR0676,0676BEREKUM,BA,MTN,955.70,0.00000065,21,0.65,959.2,0.000023,23.00,0.65,958.2,0.00002,20.00,0.96,1851,0.000035,35.00,0.23,1851,0.000033,33.00,0.28,1851,0.000034,34.00,0.24,2136,0.000056,,56.00,0.03,2138,0.000062,62.00,0.01,2136,,61.00,0.01,,,,
714,0714NEW_DROBO,BA,MTN,955.20,0.00000029,22,0.75,955.2,0.00003,30.00,0.29,959.2,0.000028,28.00,0.38,1830,0.000034,34.00,0.24,1830,0.000037,37.00,0.18,1860,0.000034,34.00,0.25,,,,,,,,,,,,,,,,,
1262,0802SAMPA,BA,MTN,952.20,,63,0,,0,,,,0,,,9054.2,0.000055,55.00,0.01,,,,,954.2,0.000057,57.00,0.01,,,,,,,,,,,,,,,,,
BR 0957,0957DUADASO,BA,MTN,957.20,0.00000084,18,1.13,954.1,0.000021,21.00,0.84,959.2,0.000022,22.00,0.71,,,,,,,,,,,,,,,,,,,,,,,,,,,,,
0971,0971SUM_AHENKRO,BA,MTN,959.20,0.00000077,23,0.61,958.2,0.000021,21.00,0.77,953.7,0.000023,23.00,0.66,1803,0.00007,70.00,0,1803,0.00007,70.00,0,,,,,,,,,,,,,,,,,,,,,
1603,1603FETENTAA,BA,MTN,958.20,0.0000007,25,0.49,958.2,0.000022,22.00,0.7,953.2,0.000029,29.00,0.31,,,,,,,,,,,,,,,,,,,,,,,,,,,,,
,1642BAMBOI,BA,MTN,959.20,0.00000109,20,0.95,954.7,0.000019,19.00,1.09,954.7,0.000018,18.00,1.12,,,,,,,,,,,,,,,,,,,,,,,,,,,,,
1656,1656GOKA,BA,MTN,959.20,0.00000002,48,0.03,955.2,0.000052,52.00,0.02,957.7,0.000061,61.00,0,1860,0.000068,68.00,0,1860,0.000069,69.00,0,1860,0.00006,60.00,,,,,,,,,,,,,,,,,,
1677,1677BONSANKRO,BA,MTN,952.70,0.00000033,23,0.65,951.2,0.000029,29.00,0.33,951.2,0.000018,18.00,1.11,,,,,,,,,,,,,,,,,,,,,,,,,,,,,
1905,1905SAMPA_2,BA,MTN,957.70,0.00000089,22,0.72,957.5,0.00002,20.00,0.89,958.7,0.000023,23.00,0.68,1860,0.000058,58.00,0.01,1860,0.000059,59.00,0.01,,,,,,,,,,,,,,,,,,,,,
BR1958,1958JINIJINI,BA,MTN,958.20,0.00000085,24,0.75,953.1,0.000022,22.00,0.85,959.2,0.00002,20.00,0.92,1830,0.000036,36.00,0.2,1860,0.000033,33.00,0.28,1860,0.000036,36.00,0.2,,,,,,,,,,,,,,,,,
1961,1961SENASE_2,BA,MTN,957.20,0.00000036,29,0.42,957.2,0.000028,28.00,0.36,958.2,0.000025,25.00,0.52,1868,0.000029,29.00,0.42,1860,0.00004,40.00,0.12,1853,0.000033,33.00,0.27,2136,0.000067,,67.00,0,2139,0.000066,66.00,0,2136,,65.00,0,,,,
1962,1962DWENEM,BA,MTN,944.70,,68,0,944.7,0.000068,68.00,0,953.7,0.000021,21.00,0.78,,,,,,,,,,,,,,,,,,,,,,,,,,,,,
1965,1965NEW_ DORMAA,BA,MTN,957.20,0.00000005,45,0.04,958.2,0.000044,44.00,0.05,957.2,0.000045,45.00,0.05,1860,0.000055,55.00,0.02,1860,0.000052,52.00,0.03,2163,0.000054,54.00,0.02,2163,0.000056,,56.00,0.02,2163,0.000065,65.00,0.02,2163,,54.00,0.02,,,,
1966,1966BOMAA,BA,MTN,958.20,0.00000097,20,0.98,955.2,0.00002,20.00,0.97,952.2,0.000025,25.00,0.61,,,,,,,,,,,,,,,,,,,,,,,,,,,,,
1975,1975ADAMSU,BA,MTN,957.20,0.00000061,23,0.62,957.2,0.000023,23.00,0.61,951.7,0.000021,21.00,0.82,,,,,,,,,,,,,,,,,,,,,,,,,,,,,
1777,1977ASIRI,BA,MTN,957.70,0.00000055,22,0.74,956.4,0.000024,24.00,0.55,959.2,0.000024,24.00,0.47,,,,,,,,,,,,,,,,,,,,,,,,,,,,,
1981,1981KOKOA,BA,MTN,958.20,0.00000005,48,0.03,957.7,0.000044,44.00,0.05,957.7,0.000045,45.00,0.04,1860,0.000065,65.00,0,1860,0.000068,68.00,0,1860,0.000069,69.00,,,,,,,,,,,,,,,,,,
1983,1983KORASO,BA,MTN,955.20,0.00000055,16,1.42,955.2,0.000024,24.00,0.55,956.2,0.000029,29.00,0.33,1860,0.000066,66.00,0,,,,,1821,0.000067,67.00,0,,,,,,,,,,,,,,,,,
2621,2621ABESEWA,BA,MTN,957.20,0.00000153,14,1.74,953.7,0.000015,15.00,1.53,955.2,0.000019,19.00,0.98,,0.000056,56.00,0.02,1832,0.000059,59.00,0.01,,0.000057,57.00,0.01,,,,,,,,,,,,,,,,,
2626,2626PREMOASE,BA,MTN,954.70,0.000022,22,,954.7,0.000022,22.00,,958.7,0.00003,30.00,,,,,,,,,,,,,,,,,,,,,,,,,,,,,,
2628,2628BEREKUM_3,BA,MTN,955.20,0.0000009,28,0.38,943.7,0.00002,20.00,0.9,944.2,0.000026,26.00,0.43,1851,0.000031,31.00,0.34,1851,0.000031,31.00,0.34,1866,0.000033,33.00,0.27,2162,0.000036,,36.00,0.22,2163,0.000037,37.00,0.2,2162,,37.00,0.19,,,,
2629,2629GAMBIA_NO2,BA,MTN,959.20,0.00000108,24,0.55,954.7,0.000019,19.00,1.08,958.7,0.00002,20.00,0.89,,,,,,,,,,,,,,,,,,,,,,,,,,,,,
2666,2666TECHIMAN_4,BA,MTN,952.70,0.0000002,20,0.1,958.7,0.000017,17.00,0.2,958.7,0.00002,20.00,0.22,1851,0.000032,32.00,0.4,1851,0.000034,34.00,0.38,1851,0.000031,31.00,0.03,2163,0.000042,,42.00,0.02,2163,0.000035,35.00,0.02,2163,,39.00,0.41,,,,
2674,2674PENKWASE,BA,MTN,959.20,0.00000008,43,0.06,959.2,0.000042,42.00,0.08,959.2,0.000042,42.00,0.07,1860,0.000054,54.00,0.02,1860,0.000048,48.00,0.03,1860,0.000048,48.00,0.05,2163,0.000051,,51.00,0.04,2162,0.000051,51.00,0.04,2162,,66.00,0,,,,
2675,2675KWASIBUOKRO,BA,MTN,957.20,0.00000141,18,1.21,958.2,0.000016,16.00,1.41,1860,0.000036,36.00,0.2,1860,0.000038,38.00,0.15,1860,0.000035,35.00,0.22,,,,,,,,,,,,,,,,,,,,,
2683,2683AYOMASO,BA,MTN,958.20,0.00000097,21,0.02,954.2,0.00002,20.00,0.97,958.2,0.00002,20.00,0.72,,,,,,,,,,,,,,,,,,,,,,,,,,,,,
2689,2689NAMASUA,BA,MTN,958.20,0.00000129,17,1.29,958.2,0.000017,17.00,1.29,958.2,0.000016,16.00,1.45,1853,0.000041,41.00,0.11,1853,0.000039,39.00,0.13,1853,0.000046,46.00,0.06,,,,,,,,,,,,,,,,,
2692,2692ADENTIA,BA,MTN,954.20,0.00000012,40,0.09,958.2,0.000018,18.00,0.12,955.2,0.000015,15.00,1.57,1860,0.000067,67.00,0,1860,0.000067,67.00,0,1823,0.000063,63.00,0,,,,,,,,,,,,,,,,,
2698,2698SUBRISO,BA,MTN,954.20,0.00000089,25,0.47,957.2,0.00002,20.00,0.89,958.7,0.000023,23.00,0.61,,,,,,,,,,,,,,,,,,,,,,,,,,,,,
BR 2741,2741NSUTA_BR,BA,MTN,957.70,0.0000007,18,0.56,955.2,0.000022,22.00,0.7,956.2,0.000024,24.00,0.57,1860,0.000044,44.00,0.07,1851,0.000041,41.00,0.1,1860,0.000042,42.00,0.1,,,,,,,,,,,,,,,,,
2905,2905MORLE,BA,MTN/Vodafone,955.70,0.00000092,22,0.73,955.2,0.00002,20.00,0.92,953.2,0.000018,18.00,1.08,1860,0.000067,67.00,0,1860,0.000068,68.00,0,1860,0.000068,68.00,0,,,,,,,,,,,,,,,,,
2909,2909NEW_DROBO3,BA,MTN,959.20,0.00000193,15,1.8,959.2,0.000013,13.00,1.93,,0,,,,0.00006,60.00,0.01,1821,0.000055,55.00,0.02,,,,,,,,,,,,,,,,,,,,,
2911,2911GOASO_4,BA,MTN,956.20,0.00000156,18,1.21,958.2,0.000015,15.00,1.56,958.8,0.000018,18.00,1.17,1860,0.00004,40.00,0.04,1860,0.000047,47.00,0.05,1854,0.000051,51.00,0.51,2122,0.000068,,68.00,0,2122,0.000058,58.00,0.01,2123,,69.00,0,,,,
2918,2918AYENSU,BA,MTN,955.20,0.00000088,21,0.84,932.7,0.00002,20.00,0.88,525.2,0.00002,20.00,0.98,,,,,,,,,,,,,,,,,,,,,,,,,,,,,
3616,3616BRE_MPATISE,BA,MTN,953.20,0.00000114,16,1.52,953.2,0.000018,18.00,1.14,954.2,0.000016,16.00,1.46,1860,0.000063,63.00,0.01,1860,0.000061,61.00,0.01,1860,0.000057,57.00,0.01,2123,0.000063,,63.00,0,2122,0.000063,63.00,0.01,2123,,61.00,0.01,,,,
3620,3620SYN_ABATOIR,BA,MTN/AIRTEL,958.70,0.00000005,46,0.04,955.2,0.000045,45.00,0.05,959.2,0.000044,44.00,0.05,1860,0.000054,54.00,0.02,1860,0.000055,55.00,0.02,1860,0.00005,50.00,0.04,2163,0.000054,,54.00,0.02,2162,0.000052,52.00,0.03,2162,,51.00,0.04,,,,
3624,3624JAPEKROM_2,BA,MTN,958.20,0.00000103,17,1.35,958.2,0.000019,19.00,1.03,958.2,0.000018,18.00,1.12,1860,0.000032,32.00,0.5,1860,0.000032,32.00,0.32,1860,0.000032,32.00,0.31,,,,,,,,,,,,,,,,,
BAB 2011,3625JEMA_KONTA,BA,MTN/Vodafone,959.20,0.00000073,22,0.88,958.7,0.000022,22.00,0.73,958.2,0.00002,20.00,0.92,,,,,,,,,,,,,2163,0.000033,,33.00,0.3,2163,0.000032,32.00,0.44,2150,,35.00,0.25,,,,
,Amanten,BA,Tigo/Vodafone,946.70,0.00000016,34,0.14,945.2,0.000036,36.00,0.16,946.7,0.000036,36.00,0.14,,,,,,,,,,,,,,,,,,,,,,,,,,,,,
1894,Asare,BA,Tigo/Vodafone,951.20,0.00000084,21,0.79,944.7,0.000021,21.00,0.84,944.2,0.00002,20.00,0.92,,,,,,,,,,,,,,,,,,,,,,,,,,,,,
1897,Aworowa,BA,TIGO/VODAFONE/AIRTEL,945.20,0.00000039,27,0.39,944.2,0.000028,28.00,0.39,953.7,0.000024,24.00,0.58,1824,0.000062,62.00,0.01,1830,0.00006,60.00,0.01,1823,0.000054,54.00,0.02,,,,,,,,,,,,,,,,,
Nob 5063,BAMBOI,BA,Vodafone/Airtel,954.70,0.0000004,30,0.31,951.2,0.000027,27.00,0.4,946.7,0.00003,30.00,0.25,,,,,,,,,,,,,,,,,,,,,,,,,,,,,
1896,Banda Ahenkro,BA,Tigo/Vodafone,9546.70,0.00000052,33,0.22,946.2,0.000025,25.00,0.52,956.2,0.000029,29.00,0.33,,,,,,,,,,,,,,,,,,,,,,,,,,,,,
GH 2322,Bassa,BA,Airtel,958.70,0.00000014,37,0.15,959.2,0.000041,41.00,0.14,958.7,0.000039,39.00,0.1,,,,,,,,,,,,,,,0,,,,,,,,0,,,,0,,
GH 0070,Berekum,BA,Airtel,953.70,0.00000024,36,0.14,953.1,0.000031,31.00,0.24,957.7,0.000036,36.00,0.18,1854,0.000048,48.00,0.04,1854,0.000052,52.00,0.03,1854,0.000048,48.00,0.05,2164,0.000051,0.000051,51.00,0.04,2163,0.000054,54.00,0.02,2164,0.00000003,0,,,0,,
,Berekum(old186),BA,EXPRESSO,954.20,0.00000009,37,0.14,958.2,0.000039,39.00,0.09,958.2,0.000037,37.00,0.12,1854,0.000042,42.00,0.1,1854,0.000042,42.00,0.1,1854,0.000041,41.00,0.11,2162,0.00005,,50.00,0.04,2162,0.000046,46.00,0.07,2162,,52.00,0.03,,,,
Bab2069,BEREKUM_CONTINENTAL,BA,Vodafone/Airtel,953.20,0.00000104,19,1.02,953.2,0.000019,19.00,1.04,950.7,0.000023,23.00,0.63,1851,0.000034,34.00,0.26,1851,0.000027,27.00,0.55,18.59,0.000028,28.00,0.51,2162,0.000029,,29.00,0.51,21.38,0.000038,38.00,0.19,2162,,31.00,0.38,,,,
1242,Brekum,BA,Tigo,954.70,0.00000029,29,0.32,954.7,0.00003,30.00,0.29,954.7,0.000026,26.00,0.44,1856,0.000048,48.00,0.04,1854,0.000048,48.00,0.05,1853,0.000049,49.00,0.04,2162,0.000052,,52.00,0.03,2162,0.000049,49.00,0.05,2163,,42.00,0.13,,,,
1876,Brekum Kato,BA,Tigo,952.20,0.00000038,37,0.12,943.7,0.00003,30.00,0.38,953.2,0.00003,30.00,0.28,1853,0.00005,50.00,0.04,1853,0.000042,42.00,0.09,1832,0.000049,49.00,0.04,2122,0.000051,,51.00,0.04,2122,0.000048,48.00,0.05,2124,,53.00,,,,,
1836,Brekum_Zongo,BA,Tigo/Airtel,954.70,0.00000025,30,0.28,954.1,0.000031,31.00,0.25,954.7,0.000032,32.00,0.22,1854,0.000038,38.00,0.16,1832,0.000041,41.00,0.1,1854,0.00005,50.00,0.04,2162,0.000034,,34.00,0.29,2163,0.000034,34.00,0.29,2162,,32.00,0.34,,,,
,Chiraa,BA,Expresso/Tigo/Vodafone,956.70,0.00000008,29,0.34,952.7,0.00004,40.00,0.08,958.2,0.000038,38.00,0.1,1844,0.000032,32.00,0.31,1853,0.00004,40.00,1853,39,0.00000013,0.13,,,,,,,,,,,,,,,,,,
BAB 2073,DCS_BEREKUM_BRENYEKWA,BA,Vodafone,950.70,0.00000063,28,0.34,951.2,0.000033,33.00,0.63,950.2,0.000027,27.00,0.41,1851,0.000034,34.00,0.24,1841,0.000034,34.00,0.25,1851,0.000039,39.00,0.15,2163,0.00004,,40.00,0.14,2163,0.000036,36.00,0.22,2162,,36.00,0.22,,,,
BAB 2007,DCS_BEREKUM_GT,BA,Vodafone/MTN,953.70,0.00000031,35,0.17,958.1,0.000029,29.00,0.31,957.7,0.000031,31.00,0.26,1838,0.000028,28.00,0.48,1833,0.000029,29.00,0.42,1841,0.000033,33.00,0.28,2162,0.00004,,40.00,0.14,2162,0.00004,40.00,0.13,2163,,38.00,0.17,,,,
BAB 2033,DCS_KENYASI,BA,Vodafone,949.70,0.00000001,50,0.02,957.2,0.000054,54.00,0.01,957.2,0.000052,52.00,0.02,1860,0.000053,53.00,0.02,1860,0.000053,53.00,0.02,1860,0.00005,50.00,0.04,2162,0.000054,,54.00,0.02,2123,0.000058,58.00,0.01,212,,54.00,0.02,,,,
BB 2020,DROBO,BA,Vodafone,950.70,0.00000023,29,0.33,954.1,0.00003,30.00,0.23,953.2,0.000031,31.00,0.26,1830,0.000045,45.00,0.06,1824,0.00005,50.00,0.03,1830,0.000048,48.00,0.05,,,,,,,,,,,,,,,,,
GH 0365,Drobo,BA,Airtel,957.20,0.00000012,37,0.12,954.2,0.000033,33.00,0.12,937.7,0.000035,35.00,0.16,1815,0.000053,53.00,0.02,1817,0.000051,51.00,0.03,1827,0.000063,63.00,0,,,0,,,,,,,,0,,,,0,,
1816,Drobo ,BA,Tigo,977.20,0.00000033,30,0.03,957.1,0.000029,29.00,0.33,938.2,0.000041,41.00,0.08,1830,0.00005,50.00,0.04,1821,0.000053,53.00,0.02,1820,0.000046,46.00,0.06,,,,,,,,,,,,,,,,,
1898,DROMANKESE,BA,TIGO/VODAFONE/AIRTEL,946.70,0.00000024,30,0.29,959.2,0.000031,31.00,0.24,946.2,0.000031,31.00,0.27,1853,0.000064,64.00,0,1854,0.000063,63.00,0,1854,0.000058,58.00,0.01,,,,,,,,,,,,,,,,,
1887,Duadaso_No1,BA,Tigo/Vodafone,945.70,0.00000048,31,0.26,954.7,0.000025,25.00,0.48,943.7,0.000028,28.00,0.37,,,,,,,,,,,,,,,,,,,,,,,,,,,,,
BAB 2023,DUAYAW_NKWANTA,BA,Vodafone,945.70,,59,0.14,945.2,0.000064,64.00,0,951.2,0.000066,66.00,0,1838,0.000036,36.00,0.15,1860,,,,1860,0.000068,68.00,,2123,0.000034,,34.00,0.27,2145,0.000065,65.00,,2152,,68.00,,,,,
2038,GOKA,BA,Vodafone/Airtel,946.70,0.00000025,31,0.23,945.7,0.000031,31.00,0.25,953.2,0.00003,30.00,0.28,,,,,,,,,,,,,,,,,,,,,,,,,,,,,
BAB 2166,GONASUA,BA,Vodafone/MTN,958.70,0.00000069,23,0.66,954.2,0.000022,22.00,0.69,939.2,0.000023,23.00,0.68,,,,,,,,,,,,,,,,,,,,,,,,,,,,,
GH 0434,Gulumpe,BA,Airtel,954.20,0.00000069,22,0.7,953.2,0.000022,22.00,0.69,959.7,0.000028,28.00,0.37,,,,,,,,,,,,,,,0,,,,,,,,0,,,,0,,
BAB 2148,JAMERA,BA,Vodafone/MTN,952.20,0.00000002,50,0.02,955.2,0.000053,53.00,0.02,954.2,0.000048,48.00,0.03,,,,,,,,,,,,,,,,,,,,,,,,,,,,,
1882,Jinijini,BA,TIGO/VODAFONE/AIRTEL,948.20,0.00000025,27,0.39,950.2,0.000031,31.00,0.25,950.2,0.000025,25.00,0.52,1820,0.000052,52.00,0.03,1824,0.00005,50.00,0.04,1826,0.000052,52.00,0.03,,,,,,,,,,,,,,,,,
1246,Kenyasi,BA,Tigo,959.20,0.00000002,31,0.25,959.2,0.000053,53.00,0.02,959.7,0.000051,51.00,0.02,1844,0.000041,41.00,0.11,1860,0.00006,60.00,0.01,1860,0.000068,68.00,0,2163,0.000063,,63.00,0.01,,,,,,,,,,,,
,Kintampo,BA,Tigo,958.20,0.00000068,20,0.89,958.2,0.000022,22.00,0.68,958.2,0.000021,21.00,0.88,1850,0.000037,37.00,0.17,1851,0.000038,38.00,0.15,1874,0.000033,33.00,0.29,2123,0.000059,,59.00,0.01,2123,0.000059,59.00,0.01,2122,,53.00,0.03,,,,
,Kintampo,BA,EXPRESSO,954.20,0.00000004,47,0.04,959.7,0.000046,46.00,0.04,,0,,,1841,0.000057,57.00,0.01,1838,0.00006,60.00,0.01,,,,,2123,0.000058,,58.00,0.01,2123,0.000055,55.00,0.02,,,,,,,,
,Kintampo Sawaba,BA,TIGO/VODAFONE/AIRTEL,943.70,0.00000037,25,0.55,959.2,0.000028,28.00,0.37,955.2,0.000025,25.00,0.63,1842,0.000031,31.00,0.38,1844,0.000029,29.00,0.63,1844,0.000034,34.00,0.33,2164,0.000037,,37.00,0.21,2163,0.000032,32.00,0.21,2163,,32.00,0.39,2168,,33,0.32
GH 2320,Kofi Djam/Brobby,BA,Airtel,954.20,0.00000001,52,0.02,957.2,0.000057,57.00,0.01,957.2,0.000057,57.00,0.01,,,,,,,,,,,,,,,0,,,,,,,,0,,,,0,,
,Krabonso,BA,Tigo/Vodafone,943.70,0.00000051,28,0.36,945.7,0.000027,27.00,0.51,946.7,0.000029,29.00,0.35,,,,,,,,,,,,,,,,,,,,,,,,,,,,,
,KWAME_DANSO,BA,Vodafone/Airtel,949.20,0.0000001,32,0.23,953.7,0.000039,39.00,0.1,946.7,0.000032,32.00,0.23,,,,,1860,0.000045,45.00,0.08,1842,0.000053,53.00,0.03,,,,,,,,,,,,,,,,,
2009,NKORANZA,BA,Vodafone/Airtel,,,,,,0,,,950.2,0.000047,47.00,0.04,1860,0.00004,40.00,0.12,,,,,,,,,,,,,,,,,,,,,,,,,
Bab2013,NSUATRE,BA,Vodafone/Airtel,952.20,0.00000068,31,0.26,950.2,0.000022,22.00,0.68,944.2,0.000028,28.00,0.35,1872,0.000036,36.00,0.2,1854,0.000037,37.00,0.18,1854,0.000037,37.00,0.17,,,,,,,,,,,,,,,,,
,Nyankotre,BA,Tigo/Vodafone,946.20,0.00000041,27,0.39,944.7,0.000028,28.00,0.41,946.7,0.000023,23.00,0.63,,,,,,,,,,,,,,,,,,,,,,,,,,,,,
1813,Penkwase,BA,Tigo,953.20,0.00000054,33,0.19,953.2,0.000024,24.00,0.54,953.2,0.000028,28.00,0.35,1853,0.000035,35.00,0.23,1856,0.000041,41.00,0.11,1853,0.000032,32.00,0.31,2163,0.000041,,41.00,0.13,2163,0.000034,34.00,0.29,2162,,46.00,0.08,,,,
,Prang,BA,Tigo,955.20,0.00000002,39,0.13,955.2,0.000032,32.00,0.02,955.2,0.000032,32.00,0.02,,,,,,,,,,,,,,,,,,,,,,,,,,,,,
,Prang,BA,EXPRESSO,959.20,0.000043,43,0.06,959.2,0.000066,66.00,0,959.2,0.000058,58.00,0.01,1860,0.000052,52.00,0.03,1809,0.000057,57.00,0,1860,0.000066,66.00,0,,,,,,,,,,,,,,,,,
2017,PRANG_GT,BA,Vodafone,955.20,0.00000032,34,0.17,955.2,0.000029,29.00,0.32,950.2,0.000033,33.00,0.2,1818,0.000057,57.00,0.01,1820,0.00006,60.00,0.01,,,,,,,,,,,,,,,,,,,,,
BAB2199,SORONUASI,BA,Vodafone/Airtel,955.20,0.0000003,32,0.24,946.2,0.000032,32.00,0.3,943.7,0.000031,31.00,0.24,,,,,,,,,,,,,,,,,,,,,,,,,,,,,
1838,Techiman Tonsu Ase,BA,Tigo/Airtel,955.20,0.00000052,30,0.27,955.2,0.000025,25.00,0.52,955.2,0.000031,31.00,0.25,1844,0.000048,48.00,0.05,1844,0.000055,55.00,0.02,1844,0.000052,52.00,0.03,2163,0.000038,,38.00,0.18,2163,0.000041,41.00,0.13,2163,,39.00,0.16,,,,
BAB2068,TECHIMAN_DIASEMPA,BA,Vodafone/Airtel,956.70,0.00000054,20,0.88,948.2,0.000024,24.00,0.54,953.7,0.000026,26.00,0.46,1823,0.000024,24.00,0.8,1832,0.000026,26.00,0.64,1853,0.000031,31.00,0.35,2169,0.000031,,31.00,0.4,2163,0.000033,33.00,0.37,2138,,34.00,0.3,,,,
2067,TECHIMAN_MARKET,BA,Vodafone/Airtel,946.70,0.00000016,28,0.36,951.2,0.000024,24.00,0.16,957.2,0.000025,25.00,0.15,1853,0.000042,42.00,0.01,1854,0.000042,42.00,0.12,1854,0.000036,36.00,0.19,2162,0.000032,,32.00,0.37,2162,0.000042,42.00,0.11,2163,,34.00,0.29,,,,
040,Wenchi,BA,TIGO/VODAFONE/AIRTEL,944.20,0.00000014,23,0.27,,0.00004,40.00,0.14,,0.000034,34.00,0.27,944.2,0.000031,31.00,0.26,1854,0.000042,42.00,0.09,,0.000037,37.00,0.17,946.2,0.000027,,27.00,,0.42,0.001854,1854.00,37,0.17,,2168.00,34,0.35,,,
1319,1319BANIEKROM,BANIEKROM,MTN,959.2,,56,0.58,,0,,,,0,,,959.2,0.000049,49.00,0.49,,,,,,,,,959.2,0.000054,,54.00,0.33,,,,,,,,,,,,
657,0657BECHEM,BECHEM,MTN,951.2,0.0000004,29,0.31,951.2,0.000027,27.00,0.4,951.2,0.000034,34.00,0.17,1854,0.000044,44.00,0.08,1851,0.000037,37.00,0.17,1851,0.00004,40.00,O.12,2129,0.00006,,60.00,0.01,2122,0.000061,61.00,0.01,2123,,56.00,0.02,,,,
1901,1901BECHEM_2,BECHEM,MTN,958.2,0.000017,19,1.05,957.7,0.000017,17.00,17,957.7,0.000017,17.00,1.34,1860,0.00006,60.00,0.01,1854,0.000057,57.00,0.01,1842,0.000056,56.00,0.03,2121,0.000066,,66.00,0,2122,0.000065,65.00,0,2123,,66.00,0,,,,
1243,Bechem,Bechem,Tigo,938.2,0.00000013,42,0.17,1860,0.000069,69.00,0.13,2160,0.000066,66.00,0.1,926.7,0.000038,38.00,0.22,1860,0.000068,68.00,0.05,2160,0.000064,64.00,0.15,944.7,0.000053,,53.00,0.09,1842,0.00005,50.00,0.04,2128,,51.00,0.04,,,,
1677,1677BONSANKRO,Brosankro,MTN,985.2,,18,1.13,1860,0.000067,67.00,0,,0,,,959.2,0.000029,29.00,0.65,1860,0.000068,68.00,0,,,,,959.2,0.000029,,29.00,0.31,1860,0.000069,69.00,0,,,,,,,,
BAB 2147,BROSANKRO,Brosankro,vodafone,959.2,,29,0.37,1860,0.000069,69.00,0,,0,,,957.7,0.000031,31.00,0.44,1860,0.000069,69.00,0.41,,,,,956.7,0.000027,,27.00,0.41,1860,0.000069,69.00,0.41,,,,,,,,
1923,1923DWINYAMA,DWINYAMA,MTN,955.2,0.000021,21,0.77,1842,0.000069,69.00,0.00,,0,,,955.2,0.000022,22.00,0.71,1842,0.000067,67.00,0.00,,,,,,,,,,,,,,,,,,,,,
3634,3634HWIBAA,HWIBAA,MTN,957.2,,22,0.73,,0,,,,0,,,957.7,0.000033,33.00,0.65,,,,,,,,,956.2,0.000024,,24.00,0.59,,,,,,,,,,,,
,Atakura,Kintampo North,EXPRESSO,,,,,,0,,,,0,,,945.7,0.000057,57.00,0.01,952.2,0.000059,59.00,0.01,952.2,0.000057,57.00,0.01,,,,,,,,,,,,,,,,,
1943,1943KUNSU,KUSU,MTN,954.7,,20,0.94,,0,,,,0,,,954.7,0.00002,20.00,0.95,,,,,,,,,958.2,0.000031,,31.00,0.84,,,,,,,,,,,,
AR 0635,0635MANKRANSO,MANKRANSO,MTN,957.2,0.00000003,39,0.28,1844,0.000057,57.00,0.03,,0,,,953.2,0.000035,35.00,0.24,1860,0.000067,67.00,0.08,,,,,957.7,0.000026,,26.00,0.52,1841,0.00006,60.00,0.01,,,,,,,,
ASB 1066,MANKRANSO_GT,MANKRANSO,VODAFONE,957.7,0.00000007,49,0.30,1860,0.000069,69.00,0.07,,0,,,957.7,0.000041,41.00,0.31,1844,0.000047,47.00,0.06,,,,,943.7,0.000039,,39.00,0.24,1877,0.000066,66.00,0.13,,,,,,,,
,Mankranso(old90),MANKROSU,EXPRESSO,959.2,0.00000003,50,0.21,1844,0.000057,57.00,0.03,,0,,,957.7,0.00006,60.00,0.12,1844,0.000047,47.00,0.07,,,,,950.7,0.000036,,36.00,0.15,1844,0.00005,50.00,0.03,,,,,,,,
3633,3633MPASSASONO2,MPASASONO-2,MTN,958.2,,54,0.32,,0,,,,0,,,958.2,0.000051,51.00,0.45,,,,,,,,,958.2,0.000051,,51.00,0.42,,,,,,,,,,,,
AR 0687,0687POKUKROM,POKUKROM,MTN,952.7,0.000039,39,0.30,,0,,,,0,,,954.7,0.000039,39.00,0.36,,,,,,,,,957.7,0.000051,,51.00,0.51,,,,,,,,,,,,
0973,0973POKUKROM_2,POKUKROM,MTN,957.2,0.00005,50,1.34,1808,0.000069,69.00,0.00,,0,,,955.2,0.000016,16.00,1.49,1860,0.00007,70.00,0.00,,,,,955.2,0.000021,,21.00,0.83,1860,0.00007,70.00,0.00,,,,,,,,
1210,Pokukrom,Pokukrom,Tigo,959.2,,41,0.43,,0,,,,0,,,958.7,0.000023,23.00,0.64,,,,,,,,,955.7,0.000028,,28.00,0.06,,,,,,,,,,,,
GH 0339,Pokukrom,Pokukrom,airtel,954.2,,43,0.39,,0,,,,0,,,959.2,0.000056,56.00,0.2,,,,,,,,,954.2,0.00004,0.00004,40.00,0,,,,,,,,,,,,
ASB 1070,POKUKROM_GT,POKUKROM,VODAFONE,952.7,0.000034,34,0.20,1832,0.00007,70.00,,,0,,,952.7,0.000044,44.00,0.27,1832,0.00007,70.00,0.00,,,,,954.2,0.000025,,25.00,0.17,1832,0.00007,70.00,,,,,,,,,
ASB 1172,POTRIKROM,PORTRIKROM,VODAFONE,953.7,0.000068,68,0.26,,0,,,,0,,,956.2,0.000058,58.00,0.41,,,,,,,,,949.7,0.000031,,31.00,0.26,,,,,,,,,,,,
AR 0976,0976SABRONUM,SABRONUM,MTN,953.7,0.000021,21,0.81,,0,,,,0,,,957.7,0.000043,43.00,0.59,,,,,,,,,952.7,0.000023,,23.00,0.66,,,,,,,,,,,,
1908,1908SUNYANI_6,SUNYANI,MTN/VODAFONE/AIRTEL,956.2,0.00000004,41,0.08,959.2,0.000045,45.00,0.04,958.7,0.000043,43.00,0.06,1860,0.000067,67.00,0,1860,0.00007,70.00,0,1860,0.000069,69.00,0.OO,2163,0.00005,,50.00,0.04,2162,0.00005,50.00,0.04,2163,,50.00,0.04,,,,
2694,2694AIRPORT_SYN,SUNYANI,MTN/AIRTEL,958.7,0.00000007,41,0.08,955.7,0.000042,42.00,0.07,955.2,0.000042,42.00,0.007,1860,0.000069,69.00,0,1860,0.000069,69.00,0,1860,0.000069,69.00,0,2163,0.000049,,49.00,0.06,2163,0.000052,52.00,0.03,2162,,50.00,0.04,,,,
GH0090,Sunyani Airport,SUNYANI,AIRTEL/MTN,958.2,0.00000004,50,0.3,959.2,0.000045,45.00,0.04,958.2,0.000047,47.00,0.04,1827,0.000058,58.00,0.01,1823,0.000066,66.00,0,1836,0.000064,64.00,0,2163,0.000055,,55.00,0.02,2163,0.000063,63.00,0,2163,,54.00,0.02,,,,
3289,Sunyani Area Four,SUNYANI,TIGO/MTN,956.2,0.00000001,53,0.02,959.2,0.000054,54.00,0.01,959.2,0.000051,51.00,0.02,1844,0.000058,58.00,0.01,1860,0.000057,57.00,0.01,1860,0.000056,56.00,0.02,2163,0.000062,,62.00,0.01,2163,0.000059,59.00,0.01,2162,,57.00,0.02,,,,
1239,SUNYANI GBC,SUNYANI,TIGO,957.7,0.00000006,44,0.05,957.7,0.000043,43.00,0.06,957.2,0.000048,48.00,0.03,1860,0.000058,58.00,0.01,1860,0.000058,58.00,0.01,1860,0.000055,55.00,0.02,2162,0.000065,,65.00,0,2162,0.000063,63.00,0,2163,,63.00,0.01,,,,
AR 0646,0646TEPA,Tepa,MTN,956.7,0.00000028,38,0.11,1860,0.000057,57.00,0.28,2163,0.000041,41.00,0.15,957.7,0.000051,51.00,0.01,1860,0.000066,66.00,0.07,2162,0.000046,46.00,0.09,959.2,0.000051,,51.00,0.07,1860,0.000059,59.00,0.19,2170,,68.00,0.18,,,,
1691,1691TEPA_3,Tepa,MTN,958.7,0.00000002,49,0.54,1860,0.000068,68.00,0.02,2164,0.000055,55.00,0.03,954.7,0.000024,24.00,0.58,1826,0.000053,53.00,0.03,2153,0.000062,62.00,0.01,954.7,0.000025,,25.00,0.58,1824,0.000057,57.00,0.01,2162,,65.00,0,,,,
1241,Tepa ,Tepa,Tigo,959.2,0.00000007,50,0.09,1860,0.000069,69.00,0.07,2162,0.000057,57.00,0.02,953.2,0.000039,39.00,0.17,1860,0.000068,68.00,0.07,2163,0.000047,47.00,0.06,953.2,0.00005,,50.00,0.13,1826,0.000048,48.00,0.05,2162,,54.00,0.03,,,,
ASB 1071,TEPA_GT,Tepa,Vodafone/Airtel ,957.2,0.00000003,46,0.16,1826,0.000051,51.00,0.03,2163,0.000057,57.00,0.02,957.2,0.000034,34.00,0.18,1830,0.000054,54.00,0.02,2163,0.000056,56.00,0.02,959.2,0.000053,,53.00,0.15,1860,0.000069,69.00,0.03,2162,,52.00,0.03,,,,
