, Nabori 0815,West Gonja,Airtel,900,15.67,,,1800,2.83,,,2100,0,,,900,7.29,,,1800,2.20,,,2100,0,,,900,7.15,,,1800,2.94,,,2100,0,,,,,,
,0601TAMALE_1,WEST DAGOMBA,MTN,900,755.16,,0.3,1800,2.68,0.05,,2100,21.1,,0,900,91.72,,0,1800,5.18,,0.06,2100,0,,0,900,67.48,,0.01,1800,5.52,,0.07,2100,0,,0,,,,
,0605TAMALE2,WEST DAGOMBA,MTN,900,133.2,,0.51,1800,37.58,0.24,,2100,24.76,,0.14,900,144.44,,0.47,1800,29.29,,0.25,2100,6.93,,0.06,900,593.45,,0.82,1800,70.96,,0.28,2100,8.6,,0.11,,,,
CS0457,0607SAVELUGU,Savelugu-Nanton,MTN,900,21.15,,0.04,1800,15.10,0.00,,2100,0,,0,900,31.15,,0.01,1800,6.89,,0.00,2100,0,,0.00,900,23.77,,0.00,1800,12.22,,0.00,2100,0,,0.00,,,,
CS0466,0621PIGU,Savelugu-Nanton,MTN,900,53.94,,0.00,1800,0,0.00,,2100,0,,0.00,900,177.82,,0.04,1800,0.00,,0.01,2100,0,,0.00,900,7.22,,0.01,1800,0,,0.00,2100,0,,0.00,,,,
,0669DOMEABRA,West Gonja,MTN,900,268.76,,0.08,1800,339.36,0.07,,2100,0,,0.04,900,547.93,,0.01,1800,854.91,,0.08,2100,52.09,,0.01,900,557.11,,0.03,1800,528.71,,0.04,2100,0,,0.01,,,,
CS05512,0671KUSAWGU,West Gonja,MTN,900,320.17,,0.03,1800,0,0.04,,2100,0,,0.01,900,154.85,,0.01,1800,0,,0.00,2100,0,,0.00,900,314.38,,0.07,1800,0,,0.03,2100,0,,0.04,,,,
CS0518,0678TOLON,Tolon-Kumbungu,MTN,900,101.17,,0.08,1800,0,0.01,,2100,0,,0.00,900,90.64,,0.03,1800,0,,0.01,2100,0,,0.00,900,141.29,,0.03,1800,0,,0.00,2100,0,,0.00,,,,
CS0561,0723KUMBUGU,T0lon-Kumbugu,MTN,900,350.96,,0.07,1800,9.75,0.03,,2100,0,,0.01,900,186.16,,0.01,1800,15.61,,0.00,2100,0,,0.00,900,172.01,,0.03,1800,24.49,,0.01,2100,0,,0.00,,,,
CS0563,0725DAMANGO,West Gonja,MTN,900,219.90,,0.07,1800,34.47,0.01,,2100,0,,0.03,900,156.76,,0.03,1800,29.73,,0.01,2100,0,,0.06,900,253.9,,0.00,1800,3.47,,0.00,2100,0,,0.01,,,,
CS0565,0727BUIPE,West Gonja,MTN,900,1.16,,0.01,1800,66.23,0.01,,2100,0,,0.01,900,643.65,,0.00,1800,80.79,,0.00,2100,0,,0.00,900,1.82,,0.01,1800,70.55,,0.03,2100,0,,0.01,,,,
CS0566,0728BOLE,Bole,MTN,900,520.25,,0.05,1800,23.55,0.01,,2100,0,,0.00,900,350.08,,0.03,1800,51.93,,0.01,2100,0,,0.08,900,91.45,,0.07,1800,29.48,,0.01,2100,0,,0.01,,,,
,0901CHANBULUGU,Chanbulugu,MTN,900,111.59,,0.01,1800,2.01,0.04,,2100,0.00,,0.00,,,,,,,,,,,,,,,,,,,,,,,,,,,,
CS0753,0937NYAMKPALA,Tolon-Kumbugu,MTN,900,262.83,,0.07,1800,1.54,0.06,,2100,9.39,,0.03,900,114.53,,0.03,1800,8.92,,0.04,2100,1.93,,0.02,900,134.41,,0.07,1800,4.44,,0.06,2100,7.38,,0.01,,,,
,0939TAMALE_6,WEST DAGOMBA,MTN,900,43.28,,0.01,1800,3.78,0.07,,2100,0,,0,900,32.82,,0,1800,5.46,,0.06,2100,0,,0,900,19.03,,0,1800,2.25,,0.04,2100,0,,0,,,,
CS1019,1616SANKPALA,West Gonja,MTN,900,249.40,,0.03,1800,287.29,0.07,,2100,47.65,,0.00,900,120.71,,0.01,1800,226.42,,0.04,2100,0,,0.05,900,428.66,,0.01,1800,69.79,,0.02,2100,0,,0.04,,,,
CS1032,1629DIARA_KADIA,Savelugu Nanton,MTN ,900,579.67,,0.01,1800,0,0.00,,2100,0,,0.01,900,553.81,,0.01,1800,0,,0.00,2100,0,,0.00,900,264.35,,0.02,1800,0,,0.01,2100,0,,0.01,,,,
,1630KAKPAYILI,WEST DAGOMBA,MTN,900,81.4,,0.01,1800,5.31,0.04,,2100,0,,0,900,76.68,,0,1800,2.04,,0.05,2100,0,,0,900,17.21,,0.01,1800,4.49,,0.1,2100,0,,0,,,,
CS1038,1635SAWLA,Bole,MTN,900,108.28,,0.04,1800,271.26,0.01,,2100,0,,0.03,900,183.62,,0.02,1800,417.79,,0.04,2100,0,,0.00,900,339.15,,0.02,1800,423.61,,0.02,2100,0,,0.01,,,,
,1638FULFULSU,West Gonja,MTN,900,164.57,,0.01,1800,193.50,0.07,,2100,0,,0.01,900,193.69,,0.03,1800,147.32,,0.01,2100,0.00,,0.00,900,134.77,,0.00,1800,32.63,,0.07,2100,0,,0.01,,,,
CS1042,1639BUSUNU,West Gonja,MTN,900,119.74,,0.00,1800,3.52,0.01,,2100,0,,0.01,900,87.48,,0.00,1800,3.74,,0.04,2100,0.00,,0.05,900,7.02,,0.07,1800,3.19,,0.04,2100,0,,0.08,,,,
CS1043,1640MPEASIM,West Gonja,MTN,900,205.99,,0.01,1800,105.31,0.08,,2100,0,,0.04,900,199.86,,0.01,1800,33.44,,0.00,2100,0,,0.03,900,159.31,,0.01,1800,14.79,,0.07,2100,0,,0.04,,,,
CS1044,1641GRUPE,West Gonja,MTN,900,234.42,,0.07,1800,0,0.04,,2100,0,,0.07,900,257.90,,0.05,1800,0,,0.01,2100,0,,0.03,900,896.58,,0.01,1800,0.00,,0.07,2100,0,,0.01,,,,
CS1045,1642BAMBOI,Bole,MTN,900,745.43,,0.01,1800,0,0.01,,2100,0,,0.00,900,467.45,,0.03,1800,0.00,,0.01,2100,0.00,,0.08,900,516.27,,0.01,1800,0.00,,0.07,2100,0.00,,0.03,,,,
CS1046,1643BANDA,Bole,MTN,900,574.76,,0.01,1800,0,0.00,,2100,0,,0.01,900,216.14,,0.03,1800,0,,0.01,2100,0,,0.02,900,265.76,,0.00,1800,0,,0.01,2100,0,,0.04,,,,
CS1047,1644TINGA_JK,Bole,MTN,900,427.45,,0.01,1800,0,0.01,,2100,0,,0.00,900,441.83,,0.01,1800,0,,0.00,2100,0,,0.00,900,739.94,,0.01,1800,0,,0.07,2100,0,,0.03,,,,
CS1048,1645WAKAWAKA,Bole,MTN,900,570.24,,0.01,1800,0,0.02,,2100,0,,0.03,900,195.87,,0.04,1800,0,,0.00,2100,0,,0.07,900,175.75,,0.04,1800,0,,0.03,2100,0,,0.00,,,,
CS1049,1646YAPEI,West Gonja,MTN,900,306.68,,0.01,1800,125.26,0.03,,2100,0,,0.07,900,76.99,,0.05,1800,22.98,,0.00,2100,0,,0.00,900,150.32,,0.06,1800,145.32,,0.04,2100,0,,0.01,,,,
CS1050,1647GONDO_TUNA,Bole,MTN,900,869.16,,0.04,1800,998.49,0.01,,2100,0,,0.00,900,7.311,,0.08,1800,837.78,,0.01,2100,0,,0.01,900,183.17,,0.00,1800,844.84,,0.00,2100,0,,0.00,,,,
CS1051,1648PONG_TAMALE,Savelugu Nanton,MTN,900,86.86,,0.03,1800,0,0.02,,2100,0,,0.02,900,97.71,,0.05,1800,0,,0.03,2100,0,,0.01,900,143.09,,0.08,1800,0,,0.01,2100,0,,0.00,,,,
CS1052,1649LARABANGA,West Gonja,MTN,900,309.81,,0.01,1800,0,0.01,,2100,0,,0.01,900,62.53,,0.03,1800,0,,0.01,2100,0,,0.00,900,335.78,,0.01,1800,0,,0.03,2100,0,,0.02,,,,
CS1055,1652NANTON,Savelugu-Nanton,MTN,900,36.76,,0.03,1800,17.70,0.05,,2100,0.00,,0.02,900,55.47,,0.01,1800,0.00,,0.01,2100,0,,0.00,900,65.79,,0.01,1800,0,,0.00,2100,0,,0.00,,,,
,1655BUYA,Buyu,MTN,900,118.94,,0.01,1800,1.79,0.04,,2100,0.00,,0.00,,,,,,,,,,,,,,,,,,,,,,,,,,,,
CS1357,1987NYAKPALA_2,Tolon-Kumbugu,MTN,900,211.94,,0.08,1800,12.24,0.01,,2100,68.32,,0.00,900,288.19,,0.00,1800,11.30,,0.02,2100,32.76,,0.03,900,276.84,,0.00,1800.00,3.32,,0.01,2100,26.72,,0.08,,,,
CS 1362,1995JANGA,WEST MAMPRUSI,MTN,900,7.12,,0.01,1800,16.14,0.03,,2100,0,,0,900,35.2,,0.04,1800,21.72,,0.06,2100,0,,0.05,900,238.63,,0.01,1800,15.23,,0,2100,0,,0,,,,
CS1363,1996DABOYA,West Gonja,MTN,900,221.93,,0.04,1800,341.48,0.07,,2100,0,,0.01,900,672.00,,0.03,1800,341.48,,0.01,2100,0,,0.01,900,672.30,,0.03,1800,1.05,,0.01,2100,0,,0.03,,,,
CS 1366,1999WUNGU,TAMALE,MTN,900,32.68,,0.01,1800,0,0.01,,2100,0,,0,900,232.98,,0.02,1800,0,,0.02,2100,0,,0,900,32.87,,0.05,1800,1.76,,0.01,2100,0,,0,,,,
,2601GURUGU,WEST DAGOMBA,MTN,900,8.77,,0.14,1800,377.64,0.02,,2100,11.07,,0.02,900,8.9,,0.11,1800,36.98,,0.02,2100,4.4,,0.08,900,7.4,,0.12,1800,480.27,,0.02,2100,10.32,,0.11,,,,
,2603MPAHA,Central Gonja,MTN,900,147.19,,0.07,1800,0,0.00,,2100,0,,0.03,900,161.81,,0.01,1800,0,,0.00,2100,0,,0.00,900,11.37,,0.03,1800,0,,0.01,2100,0,,0.03,,,,
CS1379,2604DULUN,Tolon-Kumbugu,MTN,900,85.13,,0.03,1800,8.78,0.02,,2100,0,,0.07,900,29.61,,0.03,1800,21.24,,0.01,2100,0,,0.00,900,67.43,,0.06,1800,5.04,,0.01,2100,0,,0.03,,,,
CS1406,2632KPASEMPE,West Mamprusi,MTN,900,417.45,,0.02,1800,0,0.01,,2100,0,,0.03,900,181.07,,0.04,1800,0,,0.05 ,2100,0,,0.01,900,575.27,,0.06,1800,0.00,,0.01,2100,0,,0.03,,,,
,2641TAMALE_8,WEST DAGOMBA,MTN,900,362.91,,0.77,1800,48.42,0.24,,2100,17.04,,0.14,900,955.16,,1.38,1800,84.01,,0.27,2100,63.52,,0.29,900,208.84,,0.77,1800,75.01,,0.22,2100,36.78,,0.2,,,,
,2921KALIPOHIN,WEST DAGOMBA,MTN,900,93.11,,0,1800,2.14,0.05,,2100,0,,0,900,18.1,,0,1800,2.53,,0.08,2100,0,,0,900,77.63,,0,1800,2.1,,0.07,2100,0,,0,,,,
,2922TAMLE_IDTRY,WEST DAGOMBA,MTN,900,312.9,,0.8,1800,47.62,0.12,,2100,1.19,,0.12,900,285.22,,0.6,1800,415.43,,0.53,2100,17.44,,0.08,900,256.71,,0.75,1800,23.96,,0.18,2100,633.03,,0.01,,,,
,2924DUNGU,WEST DAGOMBA,MTN,900,370.54,,0.99,1800,35,0.22,,2100,32.86,,0,900,305.85,,0.88,1800,58.85,,0.23,2100,71.47,,0,900,376.64,,0.79,1800,68.75,,0.18,2100,97.84,,0.01,,,,
CS1685,2930TALI,Tolon-Kumbugu,MTN,900,1.32,,0.00,1800,0,0.00,,2100,0,,0.00,900,541.39,,0.00,1800,0,,0.00,2100,0,,0.01,900,819.63,,0.03,1800,0,,0.00,2100,0,,0.01,,,,
,2933TAM_NOBISCO,West Dagomba,MTN,900,1.21,,0.08,1800,9.13,0.00,,2100,2.57,,0.04,900,2.56,,0.08,1800,2.38,,0.00,2100,5.44,,0.04,900,4.30,,0.09,1800,5.02,,0.00,2100,1.19,,0.05,,,,
cS1689,2934MORLE_PARK,West Gonja,MTN,900,207.93,,0.00,1800,0,0.00,,2100,278.13,,0.00,900,278.13,,0.00,1800,0,,0.00,2100,0,,0.00,900,361.57,,0.00,1800,0.00,,0.01,2100,0,,0.03,,,,
,2937NYOHINI,WEST DAGOMBA,MTN,900,840.88,,0.04,1800,3.32,0.05,,2100,40.8,,0,900,1.87,,0.05,1800,6.18,,0.08,2100,20.39,,0,900,900.37,,0.03,1800,7.81,,0.05,2100,24.93,,0,,,,
CS1697,2943BELUNG,Tolon-Kumbugu,MTN,900,670.94,,0.04,1800,0,0.02,,2100,0,,0.01,900,296.51,,0.04,1800,351.99,,0.08,2100,0,,0.07,900,805.79,,0.03,1800,23.11,,0.01,2100,0,,0.03,,,,
CS1698,2944SAVELUGU_2,Savelugu Nanton,MTN,900,972.57,,0.07,1800,0,0.06,,2100,0,,0.03,900,891.13,,0.03,1800,0,,0.00,2100,0,,0.00,900,894.07,,0.01,1800,0,,0.00,2100,0,,0.00,,,,
,2947SAGNARIGU_2,WEST DAGOMBA,MTN,900,6.02,,0.08,1800,6.39,0.09,,2100,0,,0,900,2.89,,0.07,1800,7.46,,0,2100,0,,0,900,3.17,,0.06,1800,9.46,,0,2100,0,,0,,,,
,2948TAM_HOSP_VF,WEST DAGOMBA,MTN,900,38.41,,0.01,1800,3.18,0,,2100,0,,0,900,69.6,,0,1800,1.73,,0.05,2100,0,,0,900,26.89,,0,1800,2.81,,0.04,2100,0,,0,,,,
CS1712,2960KUNFUGSI,Bole,MTN,900,928.78,,0.07,1800,0,0.04,,2100,0,,0.03,900,388.64,,0.01,1800,0,,0.00,2100,0,,0.00,900,674.47,,0.01,1800,0,,0.00,2100,0,,0.01,,,,
,3641TAM_WARD_K,WEST DAGOMBA,MTN,900,78.64,,0.01,1800,6.62,0.04,,2100,0,,0,900,50.41,,0.01,1800,2.4,,0.08,2100,0,,0,900,88.32,,0.01,1800,6.65,,0.05,2100,0,,0,,,,
CS1805,3658WALEWALE_2,West Mamprusi,MTN,900,196.23,,0.04,1800,195.19,0.04,,2100,23.02,,0.03,900,77.24,,0.07,1800,60.65,,0.05 ,2100,0,,0.03,900,191.11,,0.04,1800,18.72,,0.00,2100,0,,0.01,,,,
CS1807,3660KULMASA,Bole,MTN,900,733.14,,0.08,1800,0,0.01,,2100,0,,0.00,900,807.58,,0.01,1800,0,,0.04,2100,0,,0.03,900,873.92,,0.01,1800,0,,0.02,2100,0,,0.01,,,,
,3788BUYA_2,Buyu,MTN,900,458.5,,0.03,1800,1.36,0.03,,2100,0.00,,0.00,,,,,,,,,,,,,,,,,,,,,,,,,,,,
,3925ZUDGUNG,West Dagomba,MTN,900,52.35,,0,1800,1.83,0.06,,2100,0,,0.00,900,11.83,,0.00,1800,1.46,,0.06,2100,0.00,,0.00,900,44.32,,0.00,1800,1.63,,0.05,2100,0.00,,0.00,,,,
,3932MOSI_ZONGO,West Dagomba,MTN,900,874.27,,1.01,1800,147.55,0.32,,2100,413.37,,0.03,900,331.65,,0.84,1800,60.51,,0.21,2100,231,,0.01,900,88.48,,0.36,1800,19.94,,0.15,2100,250.09,,0.01,,,,
CS 2007,3974LAMASHIGU,TAMALE,MTN,900,356.94,,0.07,1800,98.78,0.01,,2100,16.81,,0.03,900,293.64,,0.09,1800,52.56,,0.01,2100,104.46,,0.03,900,152.78,,0.04,1800,55.5,,0.04,2100,58.19,,0.03,,,,
,3995UDS_HSTL_VF,West Dagomba,MTN,900,18.86,,0,1800,7.21,0.08,,2100,22.82,,0,900,36.24,,0.01,1800,4.42,,0.05,2100,34.59,,0,900,9.68,,0.00,1800,6.33,,0.06,2100,27.68,,0.00,,,,
,4600Yagaba,West Mamprusi,MTN,900,121.98,,0.08,1800,0,0.04,,2100,0,,0.00,900,150.11,,0.01,1800,0,,0.02,2100,0,,0.07,900,191.19,,0.03,1800,0,,0,2100,0,,0,,,,
CS2012,4602DUU,West Mamprusi,MTN,900,19.6,,0.00,1800,0,0.00,,2100,0,,0.01,900,152.93,,0.00,1800,0,,0.02 ,2100,0,,0.00,900,349.88,,0.01,1800,0.00,,0.04,2100,0,,0.00,,,,
CS2014,4604NAKWABI,Bole,MTN,900,171.79,,0.01,1800,1.70,0.04,,2100,0.00,,0.01,900,70.16,,0.00,1800,1.00,,0.04,2100,0.00,,0.03,900,263.95,,0.02,1800,1.07,,0.00,2100,0.00,,0.00,,,,
CS2819,Bamboi,Bole,Tigo,900,681.62,,0.07,1800,0,0.01,,2100,0,,0.03,900,119.10,,0.01,1800,0,,0.02,2100,0,,0.01,900,251.87,,0.00,1800,0,,0.00,2100,0,,0.00,,,,
CS2820,Bamboi,Bole,Vodafone,900,204.75,,0.01,1800,0,0.02,,2100,0,,0.01,900,59.78,,0.04,1800,0,,0.07,2100,0,,0.06,900,119.06,,0.01,1800,0,,0.00,2100,0,,0.03,,,,
CS2826,Banda_Nkwanta,Bole,Vodafone,900,14.49,,0.00,1800,0,0.00,,2100,0,,0.01,900,144.81,,0.02,1800,0,,0.01,2100,0,,0.01,900,37.58,,0.03,1800,0,,0.01,2100,0,,0.07,,,,
CS 2855,BAYAWOYA,TAMALE,AIRTEL,900,110.82,,0.07,1800,25.4,0.03,,2100,1.48,,0.02,900,165.68,,0.09,1800,40.04,,0.03,2100,3.72,,0.01,900,32.63,,0.04,1800,43.6,,0,2100,5.28,,0.01,,,,
CS2942,Bole,Bole,Tgo,900,8.67,,0.00,1800,1.79,0.00,,2100,0,,0.00,900,11.20,,0.01,1800,9.16,,0.02,2100,0,,0.03,900,4.65,,0.05,1800,18.55,,0.04,2100,0,,0.07,,,,
CS2943,Bole,Bole,Airtel,900,8.67,,0.00,1800,1.79,0.00,,2100,0,,0.00,900,11.20,,0.01,1800,9.16,,0.02,2100,0,,0.03,900,4.65,,0.05,1800,18.65,,0.04,2100,0,,0.07,,,,
,Bole_R,Damong,Airtel,900,123.3,,0.00,1800,0,0.01,,2100,0,,0.01,900,25.29,,0.03,1800,0,,0.05 ,2100,0,,0.01,900,50.32,,0.04,1800,0,,0.03,2100,0,,0.04,,,,
,Bui_City,Bole,Airtel,900,251.87,,,1800,152.45,,,2100,0,,,900,302.90,,,1800,496.85,,,2100,0,,,900,189.31,,,1800,189.31,,,2100,0,,,,,,
CS3011,BUI_CITY,Bole,Vodafone,900,26.26,,0.04,1800,872.18,0.04,,2100,615.66,,0.01,900,91.03,,0.07,1800,0,,0.00,2100,1.63,,0.01,900,97.2,,0.03,1800,699.35,,0.04,2100,2.43,,0.01,,,,
CS3012,Buipe,Central Gonja,Tigo,900,99.79,,0.04,1800,74.63,0.03,,2100,0,,0.01,900,27.01,,0.00,1800,80.91,,0.00,2100,0,,0.01,900,27.01,,0.06,1800,68.46,,0.07,2100,0,,0.01,,,,
CS3014,Buipe,Central Gonja,Vodafone,900,296.29,,0.04,1800,160.99,0.03,,2100,0,,0.01,900,174.66,,0.03,1800,111.23,,0.01,2100,0,,0.00,900,266.24,,0.04,1800,220.92,,0.02,2100,0,,0.01,,,,
,Buipe,Damango,Airtel,900,99.79,,0.09,1800,74.63,0.03,,2100,0,,0.01,900,300.09,,0.00,1800,80.91,,0.00 ,2100,27.01,,0.06,900,27.01,,0.06,1800,68.46,,0.07,2100,0,,0.01,,,,
CS 3032,BUPELA,TAMALE,AIRTEL,900,78.48,,0.08,1800,4.41,0.04,,2100,6.41,,0,900,39.08,,0.03,1800,4.41,,0.01,2100,50.23,,0,900,30.08,,0.07,1800,2.13,,0.01,2100,48.08,,0,,,,
,Choggo,Savelugu,Airtel,900,19.92,,0.08,1800,0,0.07,,2100,0,,0.04,900,66.39,,0.00,1800,21.69,,0.03,2100,0,,0.00,900,9.17,,0.04,1800,0,,0.00,2100,0,,0.01,,,,
,Choggu,Tamale,Airtel,900,853.74,,0.07,1800,39.24,0.05,,2100,11.2,,0.01,900,ga,,0.05,1800,7.91,,0.01,2100,16.09,,0.03,900,819.44,,0.04,1800,70.14,,0.02,2100,7.81,,0.04,,,,
CS31327,Daboya,West Gonja,Tigo,900,33.50,,0.03,1800,11.92,0.04,,2100,0,,0.07,900,20.43,,0.00,1800,861.43,,0.03,2100,0,,0.01,900,9.18,,0.08,1800,11.25,,0.01,2100,0,,0.01,,,,
CS3137,Damang Rep,West Gonja,MTN,900,8.73,,0.06,1800,0,0.06,,2100,0,,0.04,900,409.00,,0.01,1800,96.91,,0.01,2100,0.00,,0.05,900,9.41,,0.00,1800,2.71,,0.03,2100,0,,0.01,,,,
,DAMANGO,DAMANGO,AIRTEL,900,14.52,,0.07,1800,1.45,0.03,,2100,0,,0.05,900,1.96,,0.06,1800,1.1,,0.01,2100,0,,0,900,4.31,,0,1800,4.38,,0.04,2100,0,,0.01,,,,
CS3136,Damango,West Gonja,Tigo,900,14.52,,0.07,1800,1.45,0.03,,2100,0,,0.05,900,1.96,,0.06,1800,1.10,,0.01,2100,0,,0.00,900,4.31,,0.00,1800,14.38,,0.04,2100,0,,0.01,,,,
CS3142,Damongo,Central Gonja,Vodafone,900,75.97,,0.07,1800,2.18,0.04,,2100,0,,0.00,900,57.76,,0.00,1800,5.84,,0.00,2100,0.00,,0.00,900,42.23,,0.01,1800,4.54,,0.03,2100,0,,0.01,,,,
CS3291,DCS_GUABULIGA,CS 3291,Vodafone,900,18.29,,0.01,1800,2.91,0.01,,2100,0,,0.00,900,6.7,,0.04,1800,5.29,,0.01 ,2100,0,,0.03,900,8.90,,0.01,1800,4.98,,0.00,2100,0,,0.02,,,,
,DCS_UDS_Hostel,She Renamed:UDS_Hostel,Vodafone,900,,,,1800,,,,2100,,,,900,,,,1800,,,,2100,,,,900,,,,1800,,,,2100,,,,,,,
CS3458,DCS_WALEWALE,West Mamprusi,Vodafone,900,5.15,,0.03,1800,1.17,0.01,,2100,0,,0.01,900,41.90,,0.07,1800,2.85,,0.01,2100,0,,0.00,900,3.43,,0.03,1800,1.22,,0.00,2100,0,,0.00,,,,
CS3489,Diari  ,Savelugu Nanton,Tgo,900,9.92,,0.08,1800,0,0.07,,2100,0,,0.02,900,6.34,,0.03,1800,2.20,,0.01,2100,0,,0.00,900,9.17,,0.03,1800,0,,0.01,2100,0,,0.01,,,,
CS3492 ,Diari(Tamale-B-road02),Savelugu Nanton,Expresso,900,50.99,,0.04,1800,10.09,0.03,,2100,0,,0.01,900,80.29,,0.03,1800,1.31,,0.03,2100,0,,0.01,900,107.15,,0.00,1800,1.54,,0.00,2100,0,,0.00,,,,
CS3491,DIARI_GT,Savelugu Nanton,Vodafone,900,44.59,,0.01,1800,0,0.00,,2100,0,,0.00,900,28.64,,0.03,1800,0,,0.01,2100,0,,0.00,900,42.7,,0.00,1800,0,,0.00,2100,0,,0.00,,,,
,Diaria Kadia,Diari Tigo,Airtel,900,9.92,,0.08,1800,0,0.07,,2100,0,,0.02,900,6.34,,0.03,1800,2.20,,0.01,2100,0.07,,0.00,900,9.17,,0.03,1800,0,,0.01,2100,0,,0.01,,,,
CS3498,DISIGA_GT,Savelugu Nanton,Vodafone,900,25.45,,0.03,1800,0,0.01,,2100,0,,0.01,900,23.35,,0.05,1800,0,,0.03,2100,0,,0.01,900,37.04,,0.02,1800,0,,0.00,2100,0,,0.01,,,,
CS3512,Domeabra,Central Gonja,Vodafone,900,481.34,,0.00,1800,150.85,0.00,,2100,0,,0.00,900,355.14,,0.03,1800,18.92,,0.01,2100,0.00,,0.00,900,695.91,,0.00,1800,75.74,,0.00,2100,0,,0.00,,,,
,Domearbra(Tamale-k-road03),Central Gonja,Expresso,900,35.3,,0.01,1800,23.19,0.01,,2100,0,,0.00,900,98.06,,0.01,1800,22.86,,0.03,2100,0.00,,0.00,900,119.02,,0.08,1800,31.42,,0.01,2100,0,,0.00,,,,
,Domiabra,Damango,Airtel,900,268.76,,0.08,1800,339.36,0.07,,2100,0,,0.04,900,547.93,,0.01,1800,854.91,,0.08 ,2100,52.09,,0.01,900,557.11,,0.03,1800,425.71,,0.04,2100,0,,0.01,,,,
CS3686,Fufulso,Central Gonja,Tigo,900,19.63,,0.00,1800,6.23,0.00,,2100,282.41,,0.00,900,20.72,,0.00,1800,7.13,,0.08,2100,238.45,,0.05,900,22.04,,0.05,1800,2.53,,0.01,2100,196.42,,0.03,,,,
,Fufulso,Damango,Airtel,900,19.63,,0.00,1800,6.23,0,,2100,282.41,,0.00,900,20.72,,0.00,1800,7.13,,0.08 ,2100,230.45,,0.15,900,22.64,,0.05,1800,2.53,,0.01,2100,196.42,,0.03,,,,
CS3688,Fufulsu_GT,Central Gonja,Vodafone,900,25.52,,0.01,1800,6.46,0.00,,2100,320.29,,0.01,900,19.20,,0.00,1800,6.43,,0.00,2100,481.58,,0,900,41.13,,0.02,1800,13.70,,0.01,2100,278.43,,0.00,,,,
,GH0820 Langantire,West Gonja,Airtel,900,18.83,,,1800,0,,,2100,0,,,900,43.73,,,1800,0,,,2100,0,,,900,16.04,,,1800,0,,,2100,0,,,,,,
CS3729,Gindambour,S-T-K,Tigo,900,12.10,,0.08,1800,3.69,0.07,,2100,0,,0.04,900,8.4,,0.02,1800,0,,0.03,2100,0,,0.01,900,14.75,,0.08,1800,1.00,,0.00,2100,0,,0.01,,,,
CS3763,Grupe,West Gonja,Tigo,900,6.71,,0.06,1800,0,0.00,,2100,0,,0.01,900,14.90,,0.00,1800,0,,0.06,2100,0,,0.00,900,980,,0.00,1800,0,,0.01,2100,0,,0.01,,,,
CS3767,Guabuliga,DCS Guabuliga,Vodafone,900,18.29,,0.01,1800,2.91,0.01,,2100,0,,0.00,900,6.71,,0.04,1800,5.29,,0.01 ,2100,0,,0.03,900,8.90,,0.01,1800,4.98,,0.00,2100,0,,0.02,,,,
,Gurugu,Tolon,Airtel,900,8.77,,0.14,1800,377.64,0.02,,2100,11.07,,0.02,900,8.90 ,,0.11,1800,36.98,,0.02,2100,4.40 ,,0.08,900,7.40 ,,0.12,1800,480.27,,0.02,2100,10.32,,0.11,,,,
CS3879,Jentilpa_R,Bole,Airtel,900,14.86,,0.03,1800,0,0.00,,2100,0,,0.02,900,27.37,,0.05,1800,0,,0.07,2100,0,,0.06,900,46.54,,0.01,1800,0,,0.03,2100,0,,0.06,,,,
CS3885,JINDABUOR,S-T-K,Vodafone,900,59.84,,0.01,1800,0,0.01,,2100,0,,0.00,900,23.47,,0.00,1800,0,,0.02,2100,0,,0.03,900,47.43,,0.00,1800,0,,0.00,2100,0,,0.00,,,,
CS3913,Kabanpe rep,West Gonja,Expresso,900,80.23,,0.06,1800,0,0.01,,2100,0,,0.01,900,202.05,,0.00,1800,0,,0.03,2100,0,,0.00,900,61.89,,0.00,1800,0.00,,0.01,2100,0,,0.07,,,,
,Kabanpe_R,Dagomba,Airtel,900,18.78,,0.04,1800,0,0.01,,2100,0,,0.00,900,40.06,,0.02,1800,0,,0.00 ,2100,0,,0.01,900,17.61,,0.07,1800,0,,0.01,2100,0,,0.00,,,,
CS 2921 (EXISTING CS 3926),Kalpohin,TAMALE,TIGO,900,853.74,,0.03,1800,39.24,0.05,,2100,9.77,,0.04,900,521.24,,0.02,1800,6.56,,0.03,2100,14.09,,0.03,900,830.44,,0.08,1800,70.27,,0.02,2100,6.62,,0.03,,,,
CS 3941,KARAMENGA_GT,WEST MAMPRUSI,VODAFONE,900,19.96,,0.01,1800,2.18,0.03,,2100,0,,0,900,10.99,,0.03,1800,0,,0,2100,0,,0.01,900,7.66,,0.02,1800,0,,0.01,2100,0,,0.03,,,,
,Kpandele(Tamale-S-road01),Tamale North,Expresso,900,13.22,,0.00,1800,0.00,0.01,,2100,0.00,,0.00,900,10.43,,0.00,1800,593.44,,0.04,2100,0.00,,0.00,900,11.89,,0.00,1800,0.00,,0.00,2100,0.00,,0.00,,,,
CS 4113,KPASENKPE,WEST MAMPRUSI,VODAFONE,900,73.8,,0.07,1800,0,0.04,,2100,0,,0.03,900,151.42,,0.01,1800,46.57,,0.03,2100,0,,0.02,900,26.29,,0.01,1800,0,,0,2100,0,,0.01,,,,
CS4144,Kukunde,Central Gonja,Vodafone,900,260.78,,0.03,1800,2.61,0.01,,2100,0,,0.07,900,8.86,,0.01,1800,0.00,,0.03,2100,0.00,,0.04,900,363.40,,0.00,1800,1.38,,0.00,2100,0,,0.00,,,,
CS4103,Kukunde,West Gonja,Tigo,900,67.79,,0.07,1800,2.73,0.01,,2100,0,,0.01,900,88.30,,0.00,1800,3.17,,0.00,2100,0,,0.01,900,24.06,,0.03,1800,1.49,,0.04,2100,0,,0.08,,,,
CS4155,Kumasa,Bole,Airtel,900,81.8,,0.01,1800,0,0.01,,2100,0,,0.00,900,89.11,,0.03,1800,0,,0.01,2100,0,,0.01,900,91.67,,0.07,1800,0,,0.03,2100,0,,0.01,,,,
CS 4178,KUMBUGU,TOLON-KUMBUGU,VODAFONE,900,16.89,,0.01,1800,20.38,0.01,,2100,0,,0,900,22.15,,0.03,1800,13.24,,0.07,2100,0,,0.04,900,16,,0.07,1800,12.76,,0.01,2100,0,,0.03,,,,
CS 4177,KUMBUGU,TOLON-KUMBUGU,TIGO,900,350.96,,0.01,1800,9.75,0.03,,2100,0,,0.01,900,186.16,,0.07,1800,15.61,,0.06,2100,0,,0.07,900,172.01,,0.03,1800,24.49,,0.01,2100,0,,0,,,,
CS4191,Kusawgu,Central Gonja,Tigo,900,19.49,,0.00,1800,0,0.00,,2100,0,,0.00,900,28.61,,0.07,1800,0.00,,0.01,2100,0,,0.00,900,8.41,,0.07,1800,0,,0.00,2100,0,,0.00,,,,
,Kusawgu,Damango,Airtel,900,19.49,,0.00,1800,0,0.00,,2100,0,,0.00,900,28.61,,0.07,1800,0,,0.01 ,2100,0,,0.00,900,8.41,,0.07,1800,0,,0.00,2100,0,,0.00,,,,
CS4193,Kusawgu(Tamale-k-road01,Central Gonja,Expresso,900,221.99,,0.04,1800,26.88,0.01,,2100,0,,0.03,900,240.24,,0.01,1800,25.93,,0.03,2100,0,,0.00,900,107.56,,0.07,1800,142.16,,0.01,2100,0,,0.03,,,,
CS4194,KUSAWUGU_GT,Central Gonja,Vodafone,900,320.17,,0.01,1800,0,0.01,,2100,0,,0.00,900,154.84,,0.04,1800,0,,0.04,2100,0,,0.00,900,314.38,,0.01,1800,0,,0.00,2100,0,,0.00,,,,
,Lamachiegu_North,West Dagomba,Vodafone,900,,,,1800,,,,2100,,,,900,,,,1800,,,,2100,,,,900,,,,1800,,,,2100,,,,,,,
CS 4271,LAMASHEGU 1800,TAMALE,TIGO,900,356.94,,0.03,1800,98.78,0.03,,2100,16.81,,0.03,900,293.64,,0.02,1800,52.56,,0.02,2100,104.46,,0.03,900,152.78,,0.05,1800,55.5,,0.01,2100,58.19,,0.3,,,,
CS4278,Larabanga,West Gonja,Tigo,900,123.3,,0.00,1800,0,0.01,,2100,0,,0.01,900,25.29,,0.03,1800,0.00,,0.05,2100,0.00,,0.01,900,50.32,,0.06,1800,0.00,,0.03,2100,0,,0.04,,,,
CS4279,LARABANGA_GT,West Gonja,Vodafone,900,37.48,,0.00,1800,0,0.00,,2100,0,,0.00,900,41.97,,0.07,1800,0.00,,0.00,2100,0.00,,0.01,900,51.49,,0.04,1800,0.00,,0.00,2100,0,,0.02,,,,
,Manpa(Tamale-Sawla-road02),Damango,Expresso,900,3.73,,0.00,1800,0,0.00,,2100,0,,0.00,900,100.05,,0.01,1800,0,,0.00 ,2100,0,,0.00,900,170.5,,0.03,1800,0,,0.00,2100,0,,0.00,,,,
,Manpa(Tamale-Sawla-road02),Damango,Tigo,900,3.73,,0.04,1800,0,0,,2100,0,,0.00,900,100.05,,0.01,1800,0,,0.01 ,2100,0,,0.00,900,179.50,,0.03,1800,0,,0.00,2100,0,,0.00,,,,
CS4469,Nanton,Savelugu Nanton,Tigo ,900,14.93,,0.03,1800,24.82,0.01,,2100,0,,0.01,900,88.34,,0.07,1800,15.11,,0.05,2100,0,,0.01,900,36.04,,0.08,1800,1.55,,0.03,2100,0,,0.07,,,,
CS4470,Nanton,Savelugu Nanton,Vodafone,900,89.71,,0.08,1800,59.18,0.01,,2100,0,,0.01,900,140.56,,0.04,1800,22.18,,0.03,2100,0,,0.01,900,65.34,,0.07,1800,12.11,,0.06,2100,0,,0.04,,,,
,Nantong,Savelugu,Airtel,900,9.92,,0.08,1800,0,0.07,,2100,0,,0.02,900,6.34,,0.03,1800,2.20,,0.01,2100,0,,0.00,900,9.17,,0.03,1800,0,,0.01,2100,0,,0.01,,,,
CS 4475,NASIA,WEST MAMPRUSI,VODAFONE,900,42.85,,0.01,1800,0,0.04,,2100,0,,0.03,900,25.44,,0.01,1800,0,,0.07,2100,0,,0.01,900,28.22,,0.03,1800,0,,0.01,2100,0,,0.06,,,,
,NYANKPALA,TOLON ,AIRTEL,900,262.83,,0.07,1800,1.54,0.06,,2100,9.39,,0.03,900,114.53,,0.03,1800,8.92,,0.04,2100,1.93,,0.02,900,134.41,,0.07,1800,4.44,,0.06,2100,7.38,,0.01,,,,
CS4687 ,Nyanoa  ,Bole,Airtel,900,108.28,,0.04,1800,271.26,0.01,,2100,0,,0.03,900,183.62,,0.02,1800,417.79,,0.04,2100,0,,0.00,900,339.15,,0.01,1800,423.61,,0.02,2100,0,,0.01,,,,
CS4688,Nyanoa Rep,S-T-K,Expresso,900,1.48,,0.03,1800,2.20,0.04,,2100,0,,0.01,900,5.95,,0.03,1800,5.45,,0.06,2100,0,,0.05,900,3.53,,0.02,1800,2.96,,0.01,2100,0,,0.01,,,,
CS4692,Nyawgrupe(Tamale-k-road02),Central Gonja,Expresso,900,1.46,,0.02,1800,20.67,0.01,,2100,0,,0.07,900,449.01,,0.05,1800,9.29,,0.05,2100,0,,0.03,900,141.14,,0.01,1800,1.93,,0.05,2100,0,,0.01,,,,
,Pigu,Savelugu,Airtel,900,53.94,,0.00,1800,0,0.00,,2100,0,,0.00,900,177.82,,0.04,1800,0,,0.01,2100,0,,0.00,900,7.22,,0.01,1800,0,,0.00,2100,0,,0.00,,,,
CS4875,Pigu(Tamale-B-road03),Savelugu Nanton,Expresso,900,12.19,,0.04,1800,0,0.04,,2100,0,,0.03,900,12.69,,0.01,1800,0,,0.02,2100,0,,0.03,900,12.47,,0.05,1800,0,,0.07,2100,0,,0.00,,,,
,Sakasaka,Tamale  ,Airtel,900,853.41,,0.01,1800,49.34,0.00,,2100,8.31,,0.01,900,512.42,,0.07,1800,6.51,,0.01,2100,15.09,,0.01,900,731.77,,0.03,1800,81.27,,0.04,2100,6,,0.00,,,,
,Sanerigu,Tolon,MTN/Airtel,900,18.86,,0.00,1800,7.21,0.08,,2100,22.82,,0.00,900,36.24,,0.01,1800,4.42,,0.05,2100,34.59,,0.00,900,9.28,,0.00,1800,6.33,,0.06,2100,27.68,,0.00,,,,
CS4990,Savelugu,Savelugu Nanton,Expresso,900,2.45,,0.01,1800,237.59,0.01,,2100,184.17,,0.01,900,2.96,,0.01,1800,105.81,,0.00,2100,0,,0.00,900,10.90,,0.03,1800,559.61,,0.00,2100,0,,0.00,,,,
CS4992,Savelugu,Savelugu Nanton,Tigo,900,5.28,,0.07,1800,0,0.02,,2100,0,,0.00,900,1.87,,0.03,1800,2.89,,0.00,2100,0,,0.00,900,19.67,,0.01,1800,0,,0.00,2100,0,,0.03,,,,
CS4993,Savlugu,Savelugu-Nanton,Vodafone,900,,,,,,,,2100,,,,,,,,,,,,2100,,,,,,,,,,,,2100,,,,,,,
CS4995,Sawla,S-T-K,Tigo,900,21.2,,0.01,1800,0,0.03,,2100,0,,0.01,900,31.71,,0.07,1800,0,,0.00,2100,0,,0.01,900,114.31,,0.01,1800,0,,0.03,2100,0,,0.01,,,,
CS4994,Sawla,S-T-K,Expresso,900,439.96,,0.07,1800,0,0.01,,2100,0,,0.04,900,178.61,,0,1800,0,,0.00,2100,0,,0.00,900,591.71,,0.08,1800,0,,0.02,2100,0,,0.04,,,,
CS5102,SSNIT,Tamale,Airtel,900,20.59,,0.01,1800,71.31,0.01,,2100,60.07,,0.01,900,7.88,,0.00,1800,3.42,,0.00 ,2100,8.36,,0.02,900,6.85,,0.00,1800,2.74,,0.00,2100,6.89,,0.00,,,,
,Tachali_R,Dagomba,Airtel,900,41.09,,0.03,1800,0,0.01,,2100,0,,0.00,900,189.34,,0.01,1800,0,,0.00 ,2100,0,,0.00,900,141.33,,0.04,1800,0,,0.01,2100,0,,0.00,,,,
,Tali,Tolon,Airtel,900,1.32,,0.00,1800,0,0.00,,2100,0,,0.00,900,541.39,,0.00,1800,0,,0.00 ,2100,0,,0.01,900,819.63,,0.03,1800,0,,0.00,2100,0,,0.01,,,,
,Tamake Katariga,Tolon,Tigo/Airtel,900,202.82,,0.01,1800,42.51,0.01,,2100,4.41,,0.03,900,285.17,,0.03,1800,76.69,,0.04,2100,5.01,,0.03,900,262.14,,0.06,1800,73.51,,0.05,2100,6.48,,0.01,,,,
,Tamale Airport,Savelugu,Airtel,900,5.04,,0.04,1800,33.17,0.00,,2100,44.04,,0.00,900,8.59,,0.02,1800,23.49,,0.01,2100,64.10,,0.00,900,1.28,,0.05,1800,55.99,,0.03,2100,30.14,,0.01,,,,
CS5212,Tamale Airport,Savelugu Nanton,Tigo,900,166.72,,0.07,1800,69.94,0.01,,2100,0,,0.01,900,16.93,,0.00,1800,71.35,,0.00,2100,24.46,,0.00,900,151.15,,0.06,1800,69.78,,0.01,2100,22.40,,0.01,,,,
CS 5211,TAMALE AIRPORT,TAMALE,EXPRESSO,900,5.04,,0.04,1800,33.17,0,,2100,44.04,,0,900,8.59,,0.02,1800,23.49,,0.01,2100,64.1,,0,900,1.28,,0.05,1800,55.99,,0.03,2100,30.14,,0.01,,,,
CS 5219,TAMALE INDUSTRIAL AREA,TAMALE,AIRTEL,900,64.48,,0.07,1800,53.72,0.03,,2100,3.3,,0.01,900,81.63,,0.08,1800,10.88,,0.01,2100,1.58,,0,900,72.99,,0.04,1800,31.7,,0,2100,1.12,,0,,,,
CS 5220,TAMALE SECONDARY SCHOOL,TAMALE,AIRTEL,900,3.84,,0.07,1800,13.23,0.03,,2100,2.27,,0.1,900,8.33,,0.03,1800,4.04,,0.01,2100,8.76,,0.08,900,6.29,,0.03,1800,2.9,,0.01,2100,1.11,,0.06,,,,
CS 5202,Tamale_1,TAMALE,AIRTEL,900,165.17,,0.02,1800,23.12,0.01,,2100,16.82,,0.01,900,89.95,,0.03,1800,79.41,,0.01,2100,11.39,,0,900,197.91,,0.03,1800,22.56,,0,2100,7.27,,,,,,
CS 5206,Tamale_3,TAMALE,AIRTEL,900,65.52,,0.03,1800,13.69,0.03,,2100,24.65,,0.01,900,147.86,,0.02,1800,35.3,,0.01,2100,14.44,,0,900,53.94,,0.04,1800,27.74,,0,2100,4.9,,0.01,,,,
CS5207,Tamale_4,Tamale,Airtel,900,21.24,,0.01,1800,21.17,0.04,,2100,2.76,,0.03,900,207.86,,0.00,1800,442.13,,0.02 ,2100,11.86,,0.08,900,53.67,,0.09,1800,164.81,,0.00,2100,42.74,,0.01,,,,
CS 5209,TAMALE_7,TAMALE,AIRTEL,900,147.41,,0.04,1800,6.5,0.08,,2100,20.96,,0.03,900,169.08,,0.6,1800,25.32,,0,2100,54.66,,0.1,900,309.15,,0.08,1800,182.12,,0,2100,16.89,,0,,,,
,Tamale_9,Tolon,Airtel,900,105.57,,0.01,1800,3.48,0.00,,2100,47.93,,0.00,900,247.37,,0.02,1800,3.03,,0.00 ,2100,175.95,,0.01,900,536.49,,0.00,1800,3.25,,0.05,2100,317.14,,0.01,,,,
CS5214,TAMALE_AIRPORT_AIRFORCE,Savelugu Nanton,Vodafone,900,166.72,,0.07,1800,69.94,0.01,,2100,0,,0.00,900,16.93,,0.06,1800,71.35,,0.01,2100,24.46,,0.00,900,151.15,,0.06,1800,69.78,,0.01,2100,22.40,,0.00,,,,
,Tamale_GT,West Dagomba,Vodafone,900,,,,1800,,,,2100,,,,900,,,,1800,,,,2100,,,,900,,,,1800,,,,2100,,,,,,,
,TAMALE_HOSPITAL,West Dagomba,Vodafone,900,,,,1800,,,,2100,,,,900,,,,1800,,,,2100,,,,900,,,,1800,,,,2100,,,,,,,
CS 5197,Tamale001(Switch-room),TAMALE,EXPRESSO,900,9.27,,0.01,1800,1.26,0,,2100,1.36,,0,900,9.52,,0,1800,3.87,,0,2100,1.22,,0,900,4.87,,0.01,1800,2.15,,0,2100,1.56,,0,,,,
CS 5198,Tamale006(Vtting),TAMALE,EXPRESSO,900,525.94,,0.03,1800,384.56,0.01,,2100,92.42,,0,900,2.6,,0.01,1800,272.11,,0,2100,765.2,,0,900,4.11,,0.08,1800,2.74,,0.01,2100,258.54,,0,,,,
CS 5200,Tamale009(UDS Junction),TAMALE,EXPRESSO,900,31.82,,0.09,1800,73.07,0.04,,2100,114.36,,0.01,900,71.24,,0.08,1800,62.6,,0.03,2100,131.02,,0.01,900,96.19,,0.06,1800,51.71,,0,2100,100.42,,0.03,,,,
CS5203,Tamale1(New Stadium),Tamale,Expresso,900,8.36,,0.01,1800,5.26,0.00,,2100,71.28,,0.08,900,30.75,,0.03,1800,3.61,,0.00 ,2100,97.70,,0.00,900,9.6,,0.00,1800,2.60,,0.03,2100,91.99,,0.01,,,,
CS 5205,Tamale2(Agric),TAMALE,EXPRESSO,900,585.84,,0.03,1800,367.36,0.01,,2100,301.84,,0.03,900,648.04,,0.01,1800,571.03,,0.07,2100,863.88,,0.06,900,589.78,,0.01,1800,970.48,,0,2100,650.1,,0.08,,,,
CS5225,Tampiong,Savelugu Nanton,Vodafone,900,131.18,,0.01,1800,0,0.01,,2100,0,,0.00,900,184.44,,0.03,1800,0,,0.02,2100,0,,0.00,900,172.79,,0.05,1800,0,,0.01,2100,0,,0.03,,,,
CS5381,Tinga,Bole,Vodafone,900,33.13,,0.03,1800,0,0.01,,2100,0,,0.04,900,36.70,,0.00,1800,0,,0.00,2100,0,,0.00,900,42.33,,0.01,1800,0,,0.00,2100,0,,0.01,,,,
CS5383,Tishigu,Tamale,Tigo,900,157.98,,0.08,1800,49.38,0.01,,2100,994.27,,0.03,900,206.18,,0.03,1800,21.03,,0.00 ,2100,370,,0.04,900,429.05,,0.05,1800,121.17,,0.01,2100,5.17,,0.00,,,,
CS 5386,TOLON,TOLON-KUMBUGU,TIGO,900,12.74,,0.07,1800,0,0.06,,2100,0,,0.03,900,6.89,,0.01,1800,0,,0.04,2100,0,,0.03,900,14.17,,0.02,1800,0,,0.01,2100,0,,0.07,,,,
CS5411,Tuna,Bole,Airtel,900,9.67,,0.01,1800,954.70,0.01,,2100,0.00,,0.00,900,8.93,,0.02,1800,807.22,,0.01,2100,0,,0.00,900,10.44,,0.05,1800,937.59,,0.01,2100,0,,0.03,,,,
,UDS_Hostel,West Dagomba,Vodafone,900,18.86,,0.00,1800,7.21,0.08,,2100,22.82,,0.00,900,36.24,,0.01,1800,4.42,,0.05,2100,34.59,,0.00,900,9.68,,0.00,1800,6.33,,0.00,2100,28,,0.00,,,,
NOB 5105,UDS_NEW_HOSTEL,WEST DAGOMBA,VODAFONE,900,65.66,,0,1800,4.08,0,,2100,0,,0,900,12.55,,0,1800,4.45,,0,2100,60.66,,0,900,36.05,,0,1800,8.47,,0.04,2100,84.08,,0,,,,
CS5457,Walewale,West Mamprusi,Tigo,900,5.15,,0.03,1800,1.17,0.01,,2100,0,,0.01,900,41.9,,0.07,1800,2.85,,0.01 ,2100,0,,0.00,900,3.43,,0.03,1800,1.22,,0,2100,0,,0.02,,,,
CS5459,Walewale,West Mamprusi,Vodafone,900,130.38,,0.04,1800,9.66,0.00,,2100,0,,0.03,900,18.54,,0.02,1800,34.28,,0.00 ,2100,0,,0.01,900,"42,38",,0.01,1800,4.59,,0.00,2100,0,,0.01,,,,
CS 5456,WALEWALE,WEST MAMPRUSI,EXPRESSO,900,42.02,,0.03,1800,10.21,0.03,,2100,0,,0,900,26.58,,0.02,1800,1.13,,0.01,2100,0,,0,900,10.96,,0.05,1800,1.48,,0.03,2100,0,,0,,,,
CS5520,wulugu,West Mamprusi,Vodafone,900,28.30,,0.07,1800,0,0.06,,2100,0,,0.00,900,14.13,,0.03,1800,0,,0.00 ,2100,0,,0.02,900,25.59,,0.03,1800,0,,0.00,2100,0,,0.07,,,,
CS5518,WULUGU,West Mamprusi,Expresso,900,834.64,,0.05,1800,1.56,0.06,,2100,0,,0.01,900,975,,0.05,1800,0,,0.01 ,2100,0,,0.00,900,83.67,,0.02,1800,2.00,,0.01,2100,0,,0.00,,,,
CS 5521,YAGABA,WEST MAMPRUSI,VODAFONE,900,119.41,,0.07,1800,0,0.01,,2100,0,,0,900,95.13,,0,1800,0,,0.04,2100,0,,0.01,900,194.98,,0.07,1890,0,,0,2100,0,,0,,,,
CS5540,Yipala(Wa-S-road01),S-T-K,Expresso,900,5.89,,0.01,1800,572.89,0.03,,2100,0,,0.04,900,5.07,,0.05,1800,301.66,,0.04,2100,0,,0.01,900,3.18,,0.00,1800,315.47,,0.03,2100,,,,,,,
