site id,site name,location,operator,f1(MHz),pd1(W/m2),pd1(W/m2),pd1(W/m2),ic1(W/m2),f2(MHz),,pd2(W/m2),pd2(W/m2),ic2(W/m2)f3(MW/m2),f3(MHz),pd3(W/m2),pd3(W/m2),ic3(W/m2),  f4(MHz),pd4(W/m2),pd4(W/m2),ic4(W/m2),f5(MHz),pd5(W/m2),pd5(W/m2),ic5(W/m2),f6(MHz),pd6(W/m2),pd6(W/m2),ic6(W/m2),f7(MHz),pd7(W/m2),pd7(N/m2),ic7(W/m2),f8(MHz),pd8(W/m2),pd8(W/m2),ic8(W/m2),f9(MHz),pd9(W/m2),pd(W/m2),ic9(W/m2),f10(MHz),pd10(W/m2),pd(W/m2),1c10
,ABOTOASE,ABOTOASE,TIGO,879.7,0.00002332,23.32,,0,877.4,,0.00002391,23.91,0.99,879,0.00002723,27.23,0,879,0.00002102,21.02,0,880.5,0.0000217,21.7,0,880.5,0.00002073,20.73,0,879.7,0.00001549,15.49,0,877.4,0.00001943,19.43,0,882.8,0.00002907,29.07,0,879.7,0.00004439,44.39,0.01
6567,TAPA_ABOTOASE,ABOTOASE,VODAFONE,879.7,0.0000154,15.4,,0,879.7,,0.00002026,20.26,0,879.7,0.00002328,23.28,0,879.7,0.00002086,20.86,0,879.7,0.00002149,21.49,0,859.8,0.00001741,17.41,0,879.7,0.000028,28,0,879.7,0.00001539,15.39,0,879.7,0.00008727,87.27,0.01,,0,,
,ABUTIA,ABUBIA,VODAFONE,944.7,0.00009192,91.92,,0.44,953.2,,0.00006709,67.09,0.37,948.2,0.00006553,65.53,0.37,945.7,0.0001097,109.7,0.49,945.7,0.00015144,151.44,0.56,952.7,0.00013738,137.38,0.53,953.2,0.00010789,107.89,0.47,944.7,0.00016108,161.08,0.58,955.2,0.00005446,54.46,0.33,953.7,0.0000784,78.4,0.4
z,Abutia,ABUKIA,TIGO,944.7,0.00009192,91.92,,0.44,953.2,,0.00006709,67.09,0.37,948.2,0.00006553,65.53,0.37,945.7,0.0001097,109.7,0.49,945.7,0.00015144,151.44,0.56,952.7,0.00018538,185.38,0.53,953.2,0.00010789,107.89,0.47,944.7,0.00016108,161.08,0.58,958.2,0.00005446,54.46,0.33,953.7,0.0000784,78.4,0.4
,1702ABUTIA,ABUTIA,MTN,953.2,0.000241,241.03,0.00024103,0.7,959.2,,0.0003809,380.9,.1.1,959.2,0.000366,365.99,0.87,959.7,0.0002246,224.64,0.68,959.2,0.0002315,231.45,0.73,958.2,0.0006205,620.47,1.13,958.7,0.0003001,300.13,0.94,955.2,0.0004092,409.18,0.92,953.2,0.0009033,903.3,1.37,953.2,0.0004245,424.5,0.94
,1702ABUTIA,ABUTIA,MTN,953.2,0.000241,241.03,0.00024103,0.7,959.2,,0.0003809,380.9,1.1,959.2,0.000366,365.99,0.87,959.7,0.0002246,224.64,0.68,959.2,0.0002315,231.45,0.73,958.2,0.0006205,620.47,1.13,958.7,0.0003001,300.13,0.94,958.2,0.0004092,409.18,0.92,953.2,0.0009033,903.3,1.37,953.2,0.0004245,424.5,0.94
,4814ABUTIA_VF,ABUTIA,VODAFONE/MTN,958.7,0.00014382,143.82,,0.54,958.7,,0.00025596,255.96,0.73,957.7,0.0002838,283.8,0.86,952.2,0.00009019,90.19,0.45,955.7,0.00004671,46.71,0.31,959.2,0.0001149,114.9,0.5,955.7,0.00020638,206.38,0.65,955.7,0.0002617,261.7,0.76,955.7,0.00021063,210.63,0.66,959.2,0.00014068,140.68,0.72
,4814ABUTIA_VF,ABUTIA,MTN/VODAFONE,958.7,0.00014382,143.82,,0.54,958.7,,0.00025596,255.96,0.73,957.7,0.0002838,283.8,0.86,952.2,0.00009019,90.19,0.45,955.7,0.00004671,46.71,0.31,959.2,0.0001149,114.9,0.5,955.7,0.00020638,206.38,0.65,955.7,0.0002617,261.7,0.76,955.7,0.00021063,210.63,0.66,959.2,0.00014068,140.68,0.72
,ABUTIA,ABUTIA,TIGO,944.7,0.00009192,91.92,,0.44,953.2,,0.00006709,67.09,0.37,945.2,0.00006553,65.53,0.37,945.7,0.0001097,109.7,0.49,945.7,0.00015144,151.44,0.56,952.7,0.00018538,185.38,0.53,953.2,0.00010789,107.89,0.47,944.7,0.00016108,161.08,0.53,958.2,0.00005446,54.46,0.33,953.7,0.0000784,78.4,0.4
,ABUTIA,ABUTIA,VODAFONE,944.7,0.00009192,91.92,,0.44,953.2,,0.00006709,67.09,0.37,948.2,0.00006553,65.53,0.37,945.7,0.0001097,109.7,0.49,945.7,0.00015144,151.44,0.56,952.7,0.00013738,137.38,0.53,953.2,0.00010789,107.89,0.47,944.7,0.00016108,161.08,0.58,958.2,0.00005446,54.46,0.33,953.7,0.0000784,78.4,0.4
,ABUTIA_KISSIFLUI,ABUTIA,VODAFONE,958.7,0.00014382,143.82,,0.54,958.7,,0.00025596,255.96,0.73,957.7,0.0002838,283.8,0.86,952.2,0.00009019,90.19,0.45,955.7,0.00004671,46.71,0.37,957.2,0.0001149,114.9,0.5,955.7,0.00020638,206.38,0.65,955.7,0.0002617,261.7,0.76,955.7,0.00021063,210.63,0.66,959.2,0.00014068,140.68,0.72
,3890ADKLU_TORDA,ADAKLU,MTN,952.7,0.0001223,122.29,0.00012229,0.5,954.7,,0.0000243,24.27,0.22,954.7,0.0001699,169.92,0.62,954.7,0.0000867,86.74,0.42,953.2,0.00006,60.04,0.35,959.2,0.0001591,159.09,0.57,958.7,0.0002258,225.75,0.68,953.2,0.000137,137.04,0.6,959.7,0.0002794,279.36,0.76,959.2,0.0001716,171.59,0.63
GH0250,AFIADAGLO,AFIADAGLO,AIRTEL,955.2,0.00005356,53.56,,0.33,954.2,,0.00006061,60.61,0.38,952.7,0.00005302,53.02,0.33,946.7,0.00002233,22.33,0.21,954.7,0.00001801,18.01,0.19,953.7,0.00000548,5.48,0.1,955.2,0.00000342,3.42,0.08,955.2,0.00001839,18.39,0.26,953.2,0.00006624,66.24,0.37,984.7,0.00001681,16.81,0.18
  ,Afiadenyigba,AFIADENYIGHA,AIRTEL,955.2,#VALUE!,53.56.,,0.33,954.2,,0.00006061,60.61,0.35,952.7,0.00005302,53.02,0.33,946.7,0.00002232,22.32,0.21,954.7,0.00001801,18.01,0.19,953.7,0.00000548,5.48,0.1,955.2,0.00000343,3.43,0.08,955.2,0.00001839,18.39,0.26,953.2,0.00006604,66.04,0.37,954.7,0.00001651,16.51,0.18
,Aflao,AFLAO,TIGO,952.7,0.00014932,149.32,,0.01,957.2,,0.00027633,276.33,0.02,952.7,0.0004489,448.9,0.03,957.2,0.00066465,664.65,0.03,952.7,0.00025237,252.37,0.02,952.7,0.0004339,433.9,0.03,959.7,0.00033519,335.19,0.02,957.7,0.00020771,207.71,0.02,958.2,0.00012954,129.54,0.01,957.2,0.00026746,267.46,0.02
,Aflao,AFLAO,AIRTEL,959.2,0.00022371,223.71,,0.72,959.2,,0.00020905,209.05,0.66,954.2,0.00021065,210.65,0.66,959.2,0.00011031,110.31,0.53,959.2,0.0001713,171.3,0.63,956.7,0.00016054,160.54,0.57,956.7,0.00049153,491.53,1.01,956.7,0.00021957,219.57,0.72,955.7,0.00082681,826.81,1.71,956.2,0.00011579,115.79,0.49
,Aflao,AFLAO,AIRTEL,959.2,0.00022371,223.71,,0.72,959.2,,0.00020985,209.85,0.66,959.2,0.00021065,210.65,0.66,959.2,0.00011031,110.31,0.53,959.2,0.0001713,171.3,0.63,956.7,0.00006084,60.84,0.57,156.7,0.00049153,491.53,1.01,956.7,0.00024957,249.57,0.72,955.7,0.00082681,826.81,1.31,956.2,0.00011579,115.79,0.49
,Aflao Border 1800,AFLAO,TIGO,957.2,0.00044109,441.09,,0.97,948.2,,0.00069792,697.92,1.21,948.2,0.00085871,858.71,1.34,954.2,0.00065165,651.65,1.46,954.2,0.00052234,522.34,1.09,950.2,0.00075499,754.99,1.43,954.2,0.00046793,467.93,0.98,954.2,0.00050527,505.27,1.02,948.2,0.00096115,961.15,1.42,954.2,0.00066483,664.83,1.18
,Aflao Border 1800,AFLAO,TIGO,957.2,0.00044109,441.09,,0.97,948.2,,0.00069792,697.92,1.21,948.2,0.00085871,858.71,1.34,954.2,0.00016163,161.63,1.16,954.2,0.00052234,522.34,1.09,950.2,0.00075499,754.99,1.43,954.2,0.00046793,467.93,0.98,954.2,0.00046793,467.93,0.02,948.2,0.00096115,961.15,1.42,954.2,0.00066483,664.83,1.18
,AFLAO_GT,AFLAO,VODAFONE,948.7,0.00000235,2.35,,0.07,959.2,,0.00000332,3.32,0.08,959.2,0.00000556,5.56,0.1,946.7,0.00002303,23.03,0.22,959.2,0.00000506,5.06,0.1,951.2,0.00000243,2.43,0.67,946.2,0.00058402,584.02,0.03,956.2,0.00044743,447.43,0.03,955.2,0.00023358,233.58,0.02,948.7,0.00014421,144.21,0.01
VR 3769,3769AGAVEDZI,AGAVEDZI,MTN,944.2,0.0002884,288.4,0.0002884,0.02,944.2,,0.0000534,53.44,0.01,957.2,0.0000503,50.32,0.01,957.2,0.0000314,31.37,0,957.2,0.0000558,55.8,0.01,944.2,0.0000398,39.84,0,957.2,0.000061,60.97,0.01,946.2,0.0000354,35.42,0.01,945.7,0.0001442,144.23,0.01,944.2,0.0000636,63.63,0.01
,3748AGBLEDOME,AGBLEDOME,MTN,959.2,0.0000065,6.53,0.00000653,0.11,958.2,,0.000488,488.01,1,958.2,0.0002181,218.08,0.67,956.7,0.0009423,942.25,1.47,958.2,0.0000011,1.07,1.59,958.2,0.0004192,419.22,0.93,958.2,0.0004527,452.68,0.97,958.2,0.0000184,18.39,0.19,955.2,0.0000013,1.3,1.64,958.7,0.0005221,522.1,1.04
,Agbozome,AGBOZUME,TIGO,954.2,0.00001805,18.05,,0.23,959.2,,0.00002096,20.96,0.22,957.2,0.00001885,18.85,0.19,956.7,0.00005132,51.32,0.32,951.2,0.00012522,125.22,0.51,950.2,0.00009447,94.47,0.46,950.2,0.00005687,56.87,0.34,951.7,0.00009137,91.37,0.43,950.7,0.00011147,111.47,0.48,957.7,0.00004683,46.83,0.31
,Ahamansu,AHAMASU,EXPRESSO,,0,,,,,,,,,,,,,,,,,,,,,,,,,,,,,,,,,,,,,,,,
,AHAMASU,AHAMASU,VODAFONE,959.6,0.00001814,18.14,,0,959.8,,0.00001864,18.64,0,949.6,0.00002075,20.75,0,959.6,0.0000222,22.2,0,959.6,0.00000288,2.88,0,959.6,0.00001814,18.14,0,989.8,0.00001864,18.64,0,949.6,0.00002075,20.75,0,989.6,0.0000222,22.2,0,989.6,0.00000288,2.88,0
,AHAMASU,AHAMASU,VODAFONE,959.6,0.00001814,18.14,,0,959.8,,0.00001864,18.64,0,949.6,0.00002075,20.75,0,959.6,0.0000222,22.2,0,959.6,0.00000288,2.88,0,959.6,0.00001814,18.14,0,595.8,0.00001864,18.64,0,959.6,0.00002075,20.75,0,959.6,0.0000212,21.2,0,989.6,0.00000288,2.88,0
not sure ,0784AKATSI,AKATSI,MTN,955.2,0.0002462,246.18,0.00024618,0.76,959.2,,0.0004988,498.82,1.09,955.2,0.000529,529.03,1.05,955.2,0.0003343,334.26,0.88,955.7,0.0007792,779.24,1.27,955.2,0.0006973,697.28,1.21,959.2,0.0003978,397.78,0.91,957.2,0.000163,163.01,0,959.7,0.0002467,246.69,0.94,959.2,0.0004616,461.62,1.01
1728,1728AKATSI_2,AKATSI,MTN,955.2,0.0002462,246.18,0.00024618,0.76,959.2,,0.0004988,498.82,1.09,955.2,0.000529,529.03,1.05,955.2,0.0003343,334.26,0.88,955.7,0.0007792,779.24,1.27,955.2,0.0006973,697.28,1.21,959.2,0.0003978,397.78,0.91,957.2,0.0001639,163.87,0.94,959.7,0.0002467,246.69,0.94,957.2,0.0004616,461.62,0.01
not sure ,1728AKATSI_2,AKATSI,MTN,958.7,0.0000808,80.76,0.00008076,0.41,958.2,,0.0000846,84.55,0.42,958.7,0.0000319,31.91,0.25,958.2,0.0000312,31.2,0.25,958.2,0.0000125,12.49,0.16,958.7,0.0000155,15.48,0.17,953.7,0.0000276,27.61,0.24,953.7,0.0001384,138.42,0.53,953.7,0.0001662,166.21,0.64,958.7,0.000048,48.02,0.31
,1728AKATSI_2,AKATSI,MTN,959.2,0.000555,554.97,0.00055497,1.07,955.7,,0.0006888,688.8,1.19,955.7,0.000957,957,1.41,955.7,0.0008523,852.33,1.33,955.7,0.0007238,723.76,1.22,958.7,0.0004034,403.38,0.91,958.7,0.0003036,303.6,0.79,958.7,0.000431,431.02,0.94,959.2,0.0001009,100.91,0.45,959.2,0.0000228,22.8,0.21
0.109,AKATSI,AKATSI,AIRTEL,946.2,0.00001355,13.55,,0.17,947.7,,0.00001024,10.24,0.14,953.7,0.00000966,9.66,0.14,947.7,0.0000068,6.8,0.12,952.7,0.00001823,18.23,0.2,952.7,0.00000659,6.59,0.11,953.7,0.00000554,5.54,0.1,953.7,0.00000254,2.54,0.07,953.7,0.00000235,2.35,0.07,947.7,0.0000067,6.7,0.11
,Akatsi,AKATSI,TIGO,946.2,0.00007143,71.43,,0.38,937.2,,0.00002205,22.05,0.21,937.2,0.00004487,44.87,0.3,944.2,0.00004089,40.89,0.23,952.7,0.00005044,50.44,0.32,941.2,0.0000424,42.4,0.3,953.7,0.00001756,17.56,0.19,953.7,0.00003672,36.72,0.27,946.2,0.00004675,46.75,0.31,953.7,0.00003159,31.59,0.25
,AKATSI_GT,AKATSI,VODAFONE,950.7,0.00001057,10.57,,0.14,946.2,,0.00002769,27.69,0.24,950.4,0.00004177,41.77,0.29,950.4,0.00001989,19.89,0.21,950.7,0.00003288,32.88,0.26,951.7,0.00007108,71.08,0.45,948.7,0.0000686,68.6,0.37,950.7,0.00008107,81.07,0.41,950.7,0.0000356,35.6,0.27,944.2,0.00001416,14.16,0.17
3760,3760ALVANGO_DEM,ALOVANYO,MTN,879,0.0000085,8.51,0.00000851,0,879,,0.0000131,13.05,0,859,0.0000089,8.88,0,859,0.0000088,8.75,0,859,0.0000083,8.31,0,880.51,0.0000115,11.46,0,874.4,0.0000059,5.93,0,879,0.0000079,7.94,0,881,0.0000216,21.64,0,952,0.000176,176,0
699,0875AMEDZOPE,AMEDZOPE,MTN,957.2,0.0001447,144.74,0.00014474,0.54,958.7,,0.0000863,86.32,0.42,956.2,0.0000849,84.9,0.41,958.2,0.0000646,64.61,0.37,957.2,0.0001105,110.51,0.47,957.2,0.0000781,78.08,0.52,957.2,0.0001548,154.8,0.56,956.7,0.0000249,24.89,0.23,958.2,0.0002052,205.15,0.65,958.2,0.0001205,120.46,0.5
699,0875AMEDZOPE,AMEDZOPE,MTN,957.2,0.0001447,144.74,0.00014474,0.54,958.7,,0.0000863,86.32,0.42,956.2,0.0000849,84.9,0.41,958.2,0.0000646,64.61,0.37,957.2,0.0001105,110.51,0.47,957.2,0.0000781,78.08,0.52,957.2,0.0001548,154.8,0.56,956.7,0.0000249,24.89,0.23,958.2,0.0002052,205.15,0.65,958.2,0.0001205,120.46,0.5
,AMEDZOFE_TD,AMEDZOPE,VODAFONE/TIGO,951.2,0.00060855,608.55,,1.13,958.2,,0.00000214,2.14,2.35,959.7,0.00086046,860.46,1.37,951.2,0.00064433,644.33,1.2,950.7,0.00073913,739.13,1.24,951.7,0.0007211,721.1,1.22,951.7,0.00032543,325.43,0.82,949.2,0.00030387,303.87,0.8,951.7,0.00020654,206.54,0.67,950.2,0.0001337,133.7,0.53
,AMEDZOFE_TD,AMEDZOPE,VODAFONE/TIGO,951.2,0.00060855,608.55,,1.13,958.2,,0.00000214,2.14,2.35,959.7,0.00086046,860.46,1.37,951.2,0.00064433,644.33,1.2,950.7,0.00073913,739.13,1.24,951.7,0.0007211,721.1,1.22,951.7,0.00032543,325.43,0.82,949.2,0.00030387,303.87,0.8,951.7,0.00025654,256.54,0.67,950.2,0.0001337,133.7,0.53
,1707ANFOEGA,ANFOEGA,MTN,958.7,0.0000915,91.54,0.00009154,0.43,958.7,,0.0000657,65.66,0.37,954.7,0.0001051,105.09,0.46,957.2,0.0000466,46.6,0.31,957.2,0.0000993,99.28,0.45,959.2,0.0000784,78.37,0.4,957.2,0.0001487,148.71,0.6,959.2,0.0001953,195.28,0.63,959.2,0.0001573,157.29,0.63,959.2,0.0002026,202.55,0.65
,0792ANLOGA,ANLOGA,MTN,957.2,0.0000024,2.41,0.00000241,2.24,958.2,,0.0000014,1.35,1.72,957.7,0.0000021,2.08,2.08,958.2,0.0000015,1.45,1.74,958.2,0.0000015,1.46,1.74,957.2,0.0000013,1.28,1.63,958.7,0.0009067,906.7,1.8,958.7,0.0000014,1.38,1.67,958.2,0.0000017,1.65,1.85,958.2,0.0000012,1.18,1.58
,0792ANLOGA,ANLOGA,MTN,957.2,0.0000024,2.41,0.00000241,2.24,958.2,,0.0000014,1.35,1.72,957.7,0.0000021,2.08,2.08,958.2,0.0000015,1.48,1.74,958.2,0.0000015,1.46,1.74,957.2,0.0000013,1.28,1.63,958.7,0.0009067,906.7,1.5,958.7,0.0000014,1.35,1.67,958.2,0.0000017,1.65,1.85,958.2,0.0000012,1.15,1.55
,2760ANLOGA_2,ANLOGA,MTN,959.2,0.0008555,855.47,0.00085547,1.33,959.2,,0.0008627,862.73,1.34,958.2,0.0000013,1.27,1.62,959.7,0.0000013,1.33,1.66,959.2,0.0009543,954.3,1.58,957.7,0.0002802,280.21,0.76,956.2,0.0003328,332.76,0.83,959.2,0.000384,383.95,0.89,959.2,0.0005626,562.61,1.08,958.2,0.0001205,120.48,0.5
,2760ANLOGA_2,ANLOGA,MTN,959.2,0.0008555,855.47,0.00085547,1.33,959.2,,0.0008627,862.73,1.34,958.2,0.0000012,1.22,1.62,959.7,0.0000013,1.33,1.66,959.2,0.0009543,954.3,1.55,947.7,0.0002802,280.21,0.76,956.2,0.0003328,332.76,0.83,959.2,0.000384,383.95,1.89,959.2,0.0005026,502.61,1.08,958.2,0.0001205,120.48,0.5
,ANLOGA,ANLOGA,TIGO,958.2,0.00004569,45.69,,0.3,988.2,,0.00011343,113.43,0.61,957.7,0.00017993,179.93,0.3,958.2,0.00004602,46.02,0.3,957,0.00004647,46.47,0.31,958.7,0.00005169,51.69,0.32,958.2,0.00005056,50.56,0.32,958.2,0.00009184,91.84,0.43,957.2,0.00002197,21.97,0.21,956.2,0.00001618,16.18,0.2
,ANLOGA,ANLOGA,TIGO,958.2,0.00004569,45.69,,0.3,958.2,,0.00091343,913.43,0.61,957.7,0.00017993,179.93,0.3,958.2,0.00004607,46.07,0.3,957.2,0.00004647,46.47,0.31,958.7,0.00005169,51.69,0.32,958.2,0.00005056,50.56,0.32,958.2,0.00009184,91.84,0.43,987.2,0.00002197,21.97,0.21,956.2,0.00001618,16.18,0.2
,2705ANYAKO,ANYAKO,MTN/VODAFO ,958.7,0.00064118,641.18,,0.03,958.7,,0.00091071,910.71,0.04,959.2,0.00058439,584.39,0.03,959.2,0.00000124,1.24,0.05,959.2,0.00000115,1.15,0.04,958.7,0.00000111,1.11,0.34,958.7,0.00000116,1.16,0.04,957.7,0.00000141,1.41,0.05,955.7,0.0000015,1.5,0.05,956.7,0.000992,992,0.05
,2710ATIAVI,ATIANA,VODAFONE,953.7,0.00003045,30.45,,0,958.2,,0.00000754,7.54,0,955.2,0.00002869,28.69,0,944.2,0.00002892,28.92,0,944.2,0.00005442,54.42,0.01,940.2,0.00005471,54.71,0.01,940.2,0.00005384,53.84,0.01,940.2,0.0000543,54.3,0.01,953.7,0.00005217,52.17,0.01,949.2,0.00005226,52.26,0.01
,2710ATIAVI,ATIAVI,MTN,959.2,0.0009591,959.1,0.0009591,0.04,959.2,,0.0000015,1.52,0.05,959.2,0.0000013,1.32,0.05,959.2,0.000002,1.95,0.6,959.2,0.0000027,2.74,0.07,959.2,0.000501,501.02,0.04,955.2,0.0000011,1.13,0.04,955.2,0.0000025,2.5,0.07,959.2,0.000001,1,0.04,959.2,0.0000021,2.1,0.06
,2710ATIAVI,ATIAYI,MTN,959.2,0.0009599,959.91,0.00095991,0.04,959.2,,0.0000015,1.52,0.05,959.2,0.0000013,1.32,0.05,959.2,0.000002,1.95,0.06,959.2,0.0000027,2.74,0.07,959.2,0.000501,501.02,0.04,955.2,0.0000011,1.13,0.04,955.2,0.0000025,2.5,0.07,959.2,0.0000011,1.06,0.04,959.2,0.0000021,2.1,0.06
,ATIAVI,ATIAYI,VODAFONE,953.7,0.00003045,30.45,,0,958.2,,0.00000754,7.54,0,955.2,0.00002869,28.69,0,944.2,0.00009892,98.92,0,944.2,0.00005442,54.42,0.01,946.2,0.00005471,54.71,0.01,946.2,0.00005384,53.84,0.01,940.2,0.0000543,54.3,0.01,957.2,0.00005217,52.17,0.01,949.2,0.00005226,52.26,0.01
,1714ATORKOR,ATORKER,MTN,956.5,0.0002979,297.92,0.00029792,0.02,946.5,,0.0003257,325.71,0.02,957.4,0.0000026,2.58,0.07,947.3,0.0004028,402.75,0.03,950.2,0.0000023,2.28,0.06,954.2,0.0000013,1.26,0.03,946.2,0.0009887,988.68,0.04,946.2,0.0000017,1.67,0.06,958.7,0.0000018,1.78,0.07,954.7,0.0000036,3.64,0.08
,1714ATORKOR,ATORKOR,MTN,956.5,0.0002979,297.92,0.00029792,0.02,946.5,,0.0003257,325.71,0.02,957.4,0.0000026,2.58,0.07,947.3,0.0004028,402.75,0.03,950.2,0.0000023,2.28,0.06,954.2,0.0000013,1.26,0.03,946.2,0.0009887,988.68,0.04,946.2,0.0000017,1.67,0.06,958.7,0.0000018,1.78,0.07,954.7,0.0000036,3.64,0.08
,AYE DAKA,AYE DAKPA,MTN,957.7,0.0001698,169.8,0.0001698,0.59,955.7,,0.0002355,235.45,0.77,956.8,0.0000043,4.34,0.09,958.2,0.0002533,253.33,0.72,958.2,0.000001,1,1.44,955.7,0.0000001,0.14,0.95,958.2,0.0000533,53.27,1.53,956.2,0.0000127,12.71,0.16,956.2,0.0000035,3.49,0.08,956.7,0.0000054,5.42,0.1
,BANDA,BANDA,AIRTEL,958.2,0.00007015,70.15,,0.4,959.2,,0.00010163,101.63,0.46,958.7,0.0001243,124.3,0.5,958.7,0.00012453,124.53,0.52,958.7,0.00012453,124.53,0.52,958.2,,126.80.,0.51,959.2,0.0000621,62.1,0.37,958.7,0.00007669,76.69,0.4,958.7,0.00004807,48.07,0.31,958.7,0.00006256,62.56,0.36
,0822BATOR,BATOR,MTN,958.7,0.000217,217.02,0.00021702,0.67,959.2,,0.0001399,139.85,0.54,959.2,0.0001866,186.62,0.52,959.2,0.0001626,162.57,0.91,958.7,0.0001255,125.52,0.91,958.7,0.0001453,145.32,0.55,952.2,0.0001877,187.72,0.62,952.2,0.0001571,157.14,0.57,958.7,0.0001055,105.5,0.55,958.7,0.0000996,99.6,0.55
2713,2713BODADA,BODADA,MTN,958.2,0.0002672,267.24,0.00026724,0,955.2,,0.0000011,1.09,0.04,955.2,0.0006997,699.68,0.03,955.2,0,0.01,0,955.2,0.000008,8.02,0.1,939.2,0.0000369,36.86,0.08,959.2,0.0000024,2.41,0.07,959.2,0.0000024,2.41,0.07,999.2,0.0000023,2.3,0.01,952.7,0.0000018,1.77,0.06
,1858BOSO_2,BOSO,MTN,958.2,0.0001631,163.08,0.00016308,0.58,959.2,,0.0003649,364.86,0.87,958.7,0.0003622,362.16,0.86,958.7,0.0001415,141.46,0.56,958.7,0.0003399,339.85,0.84,958.2,0.0002666,266.57,0.79,958.2,0.0005278,527.81,1.05,957.7,0.0005701,570.08,1.09,958.7,0.0005937,593.65,1.17,952.7,0.0009928,992.76,1.44
,Chinderi,CHINDIRI,AIRTEL,953.2,0.00007102,71.02,,0.38,952.7,,0.00008642,86.42,0.42,943.7,0.00006342,63.42,0.36,952.7,0.00013853,138.53,0.54,943.7,0.00006426,64.26,0.37,943.7,0.00004026,40.26,0.29,943.7,0.00006548,65.48,0.37,953.7,0.00004644,46.44,0.31,958.2,0.00021519,215.19,0.67,943.7,0.00025559,255.59,0.73
3757,3757DAGBAMATE,DAGBAMATE,MTN,959.2,0.0000018,1.77,0.00000177,0.06,956.7,,0.0000014,1.44,0.05,956.7,0.0000012,1.15,0.04,958.2,0.000002,2.01,0,957.2,0.000002,2,0.06,956.7,0.0000021,2.07,0.06,957.2,0.0000021,2.14,0.06,957.2,0.0000019,1.87,0.06,959.2,0.0000016,1.59,0.08,959.2,0.0000015,1.53,0.05
,1782DAMANKO,DAMANKO,MTN,958.7,0.0000367,36.72,0.00003672,0.27,958.7,,0.0001482,148.22,0.59,956.7,0.0002318,231.83,0.65,958.6,0.0003899,389.85,0.91,952.2,0.00017,170,0.65,952.2,0.0003602,360.2,0.81,959.2,0.0001464,146.43,0.55,954.2,0.0003606,360.59,0.66,957.7,0.0006991,699.13,1.2,956.2,0.0003554,355.39,0.65
,0853DAMBAI,DAMBAI,MTN,958.2,0.0004335,433.45,0.00043345,0.03,958.2,,0.0003566,356.62,0.02,958.2,0.0003943,394.3,0.02,956.7,0.0004172,417.17,0.02,958.2,0.0004773,477.28,0.03,958.2,0.000453,453.03,0.03,958.2,0.0005119,511.89,0.03,958.2,0.0006125,612.47,0.03,958.2,0.0005291,529.11,0.03,959.2,0.0006472,647.23,0.03
,Dedeso(Bedesu),DEDESO,EXPRESSO,948.7,0.00060777,607.77,,1.14,953.7,,0.00066482,664.82,1.18,983.7,0.00062114,621.14,1.14,998.7,0.00030786,307.86,1.13,945.7,0.00066038,660.38,1.28,953.7,0.00092828,928.28,1.45,984.7,0.0004319,431.9,0.95,943.7,0.00021593,215.93,0.07,943.7,0.00031998,319.98,0.87,943.6,0.0003054,305.4,0.8
,Dodo Amanfrom,DODO AMENFROM,EXPRESSO,936.2,0.00003014,30.14,,0.27,931.8,,0.00004939,49.39,0.35,931.7,0.00004928,49.28,0.33,935.2,0.00004291,42.91,0.33,931.7,0.00002624,26.24,0.24,936.2,0.00003237,32.37,0.28,935.2,0.00005573,55.73,0.36,935.2,0.00004942,49.42,0.34,935.2,0.00002614,26.14,0.23,935.2,0.00001757,17.57,0.19
,DZITA,DZIFA,VODAFONE/TIGO,945.7,0.00007544,75.44,,0.4,954.7,,0.00004241,42.41,0.29,950.2,0.00004116,41.16,0.32,950.2,0.00017442,174.42,0.6,950.7,0.00004261,42.61,0.48,945.7,0.00008204,82.04,0.41,943.7,0.00002381,23.81,0.23,945.7,0.00038,380,0.28,951.2,0.00009557,95.57,0.44,951.2,0.0006996,699.6,0.38
,DZODZE,DZODZE,AIRTEL,953.2,0.00011918,119.18,,0.5,958.2,,0.00004516,45.16,0.31,944.7,0.00001794,17.94,0.19,934.92,0.00003885,38.85,0.28,944.7,0.00006775,67.75,0.38,944.7,0.00003192,31.92,0.26,938.2,0.00004855,48.55,0.32,938.2,0.00005492,54.92,0.38,953.2,0.00001843,18.43,0.19,938.2,0.00022712,227.12,0.69
,DZODZE,DZODZE,EXPRESSO,944.7,0.00000858,8.58,,0.13,944.7,,0.00000648,6.48,0.11,938.2,0.0000174,17.4,0.2,938.2,0.0000119,11.9,0.19,953.2,0.00004053,40.53,0.29,938.2,0.00001437,14.37,0.18,944.7,0.00002906,29.06,0.24,938.2,0.00002168,21.68,0.21,938.2,0.00002281,22.81,0.24,944.7,0.00001007,10.07,0.14
,FRANKADUA,FRANKADUA,AIRTEL,957.7,0.00051824,518.24,,0.03,958.7,,0.00038224,382.24,0.04,958.7,0.00000116,1.16,0.04,958.7,0.0006879,687.9,0.04,953.7,0.00000127,1.27,0.05,958.7,0.00000143,1.43,0.05,958.7,0.00000139,1.39,0.05,958.7,0.00016464,164.64,0.6,958.7,0.0001207,120.7,0.54,958.7,0.00006823,68.23,0.34
,3750GEFIA,GEFIA,MTN,959.2,0.0000037,3.69,0.00000369,0.08,959.2,,0.0000027,2.71,0.07,953.7,0.0000029,2.93,0.07,953.7,0.0000056,5.63,0.11,958.2,0.0000036,3.64,0.08,958.7,0.0000037,3.72,0.08,953.7,0.0000021,2.11,0.06,958.2,0.0000054,5.41,0.1,959.2,0.000003,2.99,0.07,958.2,0.0000021,2.05,0.06
,3757DAGBAMATE,GEFIA,MTN,959.2,0.0000018,1.77,0.00000177,0.06,956.7,,0.0000014,1.44,0.05,956.7,0.0000012,1.15,0.04,958.2,0.000002,2.01,0.06,957.2,0.000002,2,0.06,956.7,0.0000021,2.07,0.06,957.2,0.0000021,2.14,0.06,959.2,0.0000019,1.87,0.06,959.2,0.0000016,1.59,0.05,959.2,0.0000015,1.53,0.05
,1725GOLOKWATI,GOLOKNABI,MTN,953.2,0.0000068,6.8,0.0000068,0.3,955.7,,0.0005828,582.81,.1.13,953.2,0.0001813,181.28,0.76,952.2,0.0004538,453.76,0.97,955.7,0.0006134,613.4,1.13,940.7,0.0002669,266.93,0.89,955.7,0.0005814,581.35,1.54,943.7,0.0009184,918.38,1.48,947.4,0.0002952,295.22,0.78,953.2,0.0000068,6.79,0.41
,1726HAVE_ETOE,HAVER,MTN,953.7,0.0000027,2.7,0.0000027,0.08,573.2,,0.0005456,545.57,1.06,958.7,0.0003175,317.52,0.81,959.2,0.0008334,833.39,1.04,953.2,0.0004716,471.58,1.01,953.2,0.000174,173.96,0.02,953.2,0.0005243,524.29,1.07,953.2,0.0001799,179.91,0.61,958.2,0.0005462,546.21,1.1,953.7,0.0004353,435.29,0.97
,0779HO,HO,MTN,944.7,0.0002704,270.39,0.00027039,0.78,946.2,,0.0006716,671.58,1.18,934.7,0.0005122,512.2,1.03,946.2,0.0008881,888.11,1.36,943.7,0.0001063,106.29,1.03,944.2,0.0009531,953.13,1.11,944.2,0.0000023,2.3,2.2,944.7,0.0000011,1.1,1.14,944.7,0.0000019,1.9,2,932.2,0.0008553,855.3,1.37
,0779HO,HO,MTN,957.2,0.000178,177.98,0.00017798,0.65,952.7,,0.0000028,2.79,0.07,954.2,0.0000472,47.21,0.31,952.7,0.0001468,146.81,0.55,941.2,0.0000814,81.42,0.41,958.7,0.0000397,39.7,0.31,951.7,0.0000039,3.85,0.09,956.7,0.0000015,1.45,0.05,957.7,0.0000045,4.51,0.09,957.7,0.0000033,3.27,0.08
,0779HO,HO,MTN,957.2,0.000069,68.97,0.00006897,0.38,988.2,,0.0000839,83.91,0.14,958.2,0.0002561,256.12,0.73,988.7,0.0002199,219.87,0.67,958.7,0.0001023,102.26,0.46,956.7,0.000264,264.01,0.77,958.7,0.0001493,149.31,0.55,958.7,0.0000187,18.73,0.19,953.7,0.0000599,59.92,0.35,958.2,0.0000551,55.07,0.33
,0886HO_2,HO,MTN,958.2,0.0009568,956.8,0.0009568,1.41,958.2,,0.0000012,1.19,1.64,958.2,0.0000012,1.15,1.75,957.7,0.0007114,711.43,1.21,956.2,0.0006506,650.58,1.17,957.2,0.0000011,1.11,1.53,958.2,0.0000017,1.74,1.9,956.2,0.0000013,1.28,1.63,957.7,0.0004128,412.83,0.92,957.7,0.0001361,136.07,0.53
,1898HO_3,HO,MTN,957.2,0.000069,68.97,0.00006897,0.38,958.2,,0.0000839,83.91,0.41,958.2,0.0002561,256.12,0.73,958.7,0.0002199,219.87,0.67,958.7,0.0001023,102.26,0.46,956.7,0.0002646,264.62,0.77,953.7,0.0001493,149.31,0.55,958.2,0.0000187,18.73,0.19,953.7,0.0000599,59.92,0.35,958.2,0.0000551,55.07,0.33
,1899HO_4,HO,MTN,957.2,0.0001878,187.79,0.00018779,0.7,955.2,,0.0002012,201.22,0.69,955.2,0.0001589,158.91,0.57,955.2,0.0002003,200.34,0.65,955.2,0.0001792,179.21,0.61,955.2,0.0002439,243.91,0.71,956.7,0.0003317,331.68,1.03,957.2,0.0001668,166.8,0.58,954.7,0.0001922,192.18,0.66,954.2,0.0001936,193.6,0.65
,1899HO_4,HO,MTN,957.2,0.0001878,187.79,0.00018779,0.7,955.2,,0.0000202,20.22,0.69,955.2,0.0001589,158.91,0.57,955.2,0.0002003,200.34,0.65,955.2,0.0001792,179.21,0.61,958.2,0.0002439,243.91,0.21,958.7,0.0003317,331.68,0.03,957.2,0.0001668,166.8,0.58,954.7,0.0001922,192.18,0.66,954.2,0.0001936,193.6,0.65
,2798HO_5,HO,MTN,957.7,0.0000796,79.55,0.00007955,1.42,959.2,,0.0008872,887.2,1.35,959.2,0.0006806,680.6,1.18,959.2,0.0008795,879.5,1.35,957.2,0.0005977,597.65,1.11,958.2,0.0000011,1.11,1.56,959.7,0.0003163,316.27,0.81,953.2,0.0001555,155.53,0.57,958.7,0.0004881,488.05,0.01,956.7,0.0001557,155.74,0.56
,2798HO_5,HO,MTN,957.7,0.0000796,79.55,0.00007955,1.42,959.2,,0.0008872,887.2,1.35,959.2,0.0006806,680.6,1.98,959.2,0.0008795,879.5,1.35,957.2,0.0005977,597.65,1.11,958.2,0.0000011,1.11,1.56,959,0.0003168,316.77,0.81,953.2,0.0001555,155.53,0.57,958.7,0.0004881,488.05,0.01,950.7,0.0001557,155.74,0.56
,2799HO_6,HO,MTN,957.7,0.0003826,382.57,0.00038257,0.91,953.7,,0.00012,119.98,0.51,954.79,0.0001585,158.48,0.49,954.7,0.0003571,357.1,0.86,954.7,0.0003142,314.23,0.8,954.2,0.0003136,313.62,0.8,954.7,0.000235,234.97,0.7,957.7,0.0000953,95.26,0.44,953.7,0.0001928,192.75,0.63,954.2,0.000009,9,0.46
,2799HO_6,HO,MTN,957.7,0.0003826,382.57,0.00038257,0.91,953.2,,0.00012,119.98,0.5,954.7,0.0001585,158.48,0.47,954.7,0.0003577,357.71,0.86,954.7,0.0003142,314.23,0.8,954.2,0.0003136,313.62,0.8,954.7,0.000235,234.97,0.7,957.7,0.0000953,95.26,0.44,953.7,0.0001928,192.75,0.63,954.2,0.000095,95,0.46
,3774NYIVE,HO,MTN,958.2,0.000018,18.04,0.00001804,0.19,958.7,,0.0002048,204.8,0.65,957.7,0.0001748,174.82,0.6,958.7,0.0002,200,0.71,958.2,0.000231,230.95,0.69,955.7,0.0002185,218.49,0.67,955.7,0.0000609,60.86,0.35,956.7,0.0001031,103.13,0.46,957.2,0.0002446,244.55,0.71,953.2,0.0002044,204.4,0.67
,3785DZOLO,HO,MTN,958.7,0.000006,6.02,0.00000602,0.11,957.7,,0.0000091,9.1,0.13,958.2,0.0000118,11.78,0.15,955.7,0.0000153,15.3,0.17,958.7,0.0000091,9.09,0.13,955.7,0.0000027,2.65,0.07,958.7,0.0000021,2.05,0.06,956.7,0.0000018,1.8,0.06,958.2,0.0000015,1.51,0.06,957.7,0.0000021,2.08,0.06
,3857HO_FOREST,HO,MTN,956.2,0.0000011,1.07,0.00000107,1.49,956.2,,0.0006875,687.45,1.19,953.7,0.000417,417,0.93,953.7,0.000391,390.95,0.7,957.7,0.000567,566.98,1.08,957.2,0.0009572,957.17,1.41,958.2,0.0004208,420.81,0.93,952.7,0.0005724,572.38,1.09,957.7,0.0004976,497.59,1.03,954.7,0.0006777,677.68,1.2
,3858HO_CK_ROAD,HO,MTN,956.7,0.0001402,140.23,0.00014023,0.54,955.7,,0.0002408,240.84,0.7,957.2,0.000102,101.95,0.46,957.2,0.0003447,344.72,0.84,957.2,0.0002407,240.66,0.7,957.2,0.0001971,197.08,0.75,957.2,0.0002571,257.1,0.74,956.7,0.0003622,362.18,0.87,955.7,0.0006429,642.86,1.18,958.2,0.000439,438.99,0.95
,3858HO_CK_ROAD,HO,MTN,956.7,0.0001402,140.23,0.00014023,0.54,955.7,,0.0002408,240.84,0.7,957.2,0.000102,101.95,0.46,957.2,0.0003447,344.72,0.84,957.2,0.0002407,240.66,0.7,957.2,0.0001971,197.08,0.75,957.2,0.0002571,257.1,0.24,956.7,0.0003622,362.18,0.87,933.7,0.0006429,642.86,1.18,958.2,0.0004383,438.29,0.98
3859,3859HO_KPODI,HO,MTN,958.2,0.0004713,471.25,0.00047125,1.06,958.2,,0.000206,205.99,0.65,958.7,0.0002185,218.51,0.67,958.7,0.0003136,313.55,0.8,958.7,0.0002929,292.89,0.78,958.7,0.0003913,391.28,0.9,959.7,0.000215,214.98,0.68,958.7,0.0007465,746.46,1.24,958.7,0.0002486,248.63,0.71,957.2,0.0007767,776.67,1.47
,3860HO_AWATDOME,HO,MTN,958.7,0.0006249,624.92,0.00062492,1.13,959.2,,0.0002942,294.2,0.28,957.7,0.0006986,698.55,1.2,957.2,0.0004461,446.1,0.96,957.2,0.0000011,1.08,1.48,958.2,0.000001,1.01,1.46,959.2,0.0003318,331.78,1.39,959.2,0.0003366,336.63,0.88,959.2,0.0004344,434.44,0.09,955.2,0.0004266,426.62,1.01
VR3861,3861HO_8,HO,MTN,959.2,0.0004141,414.06,0.00041406,1.01,959.2,,0.0004207,420.68,0.93,959.2,0.0000012,1.17,1.55,959.2,0.0006294,629.35,1.22,956.2,0.000001,1.01,1.45,956.2,0.0009883,988.33,1.43,959.2,0.000035,34.97,0.26,,0.000035,34.97,0.24,956.2,0.0000324,32.4,0.2,956.2,0.0000387,38.72,0.36
VR 3861,3861HO_8,HO,MTN,959.2,0.0004241,424.06,0.00042406,1.01,959.2,,0.0004207,420.68,0.93,959.2,0.0000012,1.17,1.55,959.2,0.0006294,629.35,1.22,956.2,0.000001,1.01,1.45,956.2,0.0009883,988.33,1.43,959.2,0.000035,34.97,0.26,956.2,0.0000324,32.4,0.24,956.2,0.0000325,32.45,0.24,956.2,0.0000387,38.72,0.36
,3862HO_KABAKABA,HO,MTN,954.2,0.0001811,181.1,0.0001811,0.61,959.2,,0.0001373,137.34,0.53,957.7,0.0003475,347.49,0.85,958.7,0.0001033,103.27,0.46,954.2,0.0001787,178.71,0.61,953.7,0.0000366,36.61,0.27,959.7,0.0000266,26.58,0.23,957.7,0.0003419,341.9,0.88,959.7,0.0001985,198.54,0.64,956.7,0.0000704,70.43,0.38
,3862HO_KABAKABA,HO,MTN,954.2,0.0001811,181.1,0.0001811,0.61,959.2,,0.0001373,137.34,0.53,953.7,0.0003475,347.49,0.85,958.7,0.0001033,103.27,0.46,954.2,0.0001787,178.71,0.61,953.7,0.0000361,36.1,0.27,959.7,0.0000266,26.58,0.23,957.7,0.0003419,341.9,0.85,959.7,0.0001985,198.54,0.64,956.7,0.0000704,70.43,0.38
4751,4751HO_FOREST2,HO,MTN,957.7,0.0000387,38.67,0.00003867,0.28,957.7,,0.0002539,253.85,0.72,957.2,0.0002697,269.72,0.75,957.2,0.0003328,332.76,0.83,955.2,0.000396,395.95,0.81,954.7,0.0001704,170.35,0.97,957.2,0.0002113,211.3,0.66,958.7,0.0002753,275.29,0.73,954.7,0.0000967,96.71,0.46,954.7,0.0004215,421.46,0.93
,4752HO_RESIDENT,HO,MTN,952.2,0.0003109,310.85,0.00031085,0.92,957.2,,0.0003967,396.7,0.95,958.2,0.0004595,459.48,0.97,957.7,0.0003561,356.07,0.86,958.2,0.0002319,231.93,0.71,955.2,0.0001019,101.89,0.46,955.2,0.000076,75.98,0.14,955.2,0.0002654,265.42,0.78,955.2,0.0000888,88.79,0.43,955.2,0.0000736,73.63,0.39
,4752HO_RESIDENT,HO,MTN,952.2,0.0003109,310.85,0.00031085,0.92,957.7,,0.0003967,396.7,0.95,958.2,0.0004595,459.48,0.97,957.7,0.0003561,356.07,0.86,958.2,0.0002319,231.93,0.71,955.2,0.0001019,101.89,0.46,955.2,0.000076,75.98,0.41,955.2,0.0002654,265.42,0.78,955.2,0.0000888,88.79,0.43,955.2,0.0000736,73.63,0.39
,4861HO_DEME_VF,HO,MTN,959.2,0.0000036,3.61,0.00000361,0.07,959.2,,0.0000006,0.62,0.13,957.2,0.0000134,13.42,0.26,957.2,0.0000053,5.3,0.1,955.2,0.0000043,4.33,0.07,959.2,0.0000059,5.91,0.11,957.2,0.0000078,7.81,0.72,957.2,0.0000102,10.21,0.14,957.2,0.0000105,10.53,0.15,957.2,0.0000078,7.75,0.12
,DCS_HO EX GT,HO,VODAFONE,951.2,0.00001796,17.96,,0.19,953.2,,0.00000683,6.83,0.11,953.2,0.00003061,30.61,0.25,950.2,0.00004217,42.17,0.34,953.2,0.00001744,17.44,0.19,955.2,0.00004802,48.02,0.31,954.2,0.00001494,14.94,0.18,955.2,0.00001842,18.42,0.19,951.2,0.00000683,6.83,0.13,951.2,0.00003214,32.14,0.27
,DCS_HO EX GT,HO,VODAFONE,951.2,0.00001796,17.96,,0.19,953.2,,0.00000683,6.83,0.11,953.2,0.00003061,30.61,0.25,980.2,0.00004217,42.17,0.34,953.2,0.00000744,7.44,0.19,955.2,0.00004802,48.02,0.31,954.2,0.00001494,14.94,0.18,955.2,0.00001842,18.42,0.19,951.2,0.00000683,6.83,0.13,951.2,0.00003214,32.14,0.27
,DCS_HO_RS_GT,HO,VODAFONE,952.2,0.00099006,990.06,,0.04,950.7,,0.00000869,8.69,0.13,949.2,0.00000714,7.14,0.12,954.2,0.0000014,1.4,0.05,949.7,0.00000107,1.07,0.04,957.7,0.00000163,1.63,0.05,957.9,0.00000722,7.22,0.06,954.2,0.00000283,2.83,0.07,957.7,0.00000491,4.91,0.1,952.2,0.00066586,665.86,0.03
,DZOLO,HO,VODAFONE/AIRTEL,950.7,0.00019356,193.56,,0.02,958.7,,0.00036697,366.97,0.03,956.7,0.00017546,175.46,0.02,948.7,0.00025371,253.71,0.02,948.2,0.00038237,382.37,0.02,948.2,0.00030562,305.62,0 .02    ,949.7,0.00044457,444.57,0.03, 9 51.7 ,0.00014567,145.67,0.01,949.7,0.00017216,172.16,0.01,950.7,0.0002392,239.2,0.02
,Ho,HO,TIGO,952.2,0.00000386,3.86,,0.09,952.2,,0.00000193,1.93,0.06,952.2,0.00094269,942.69,0.04,957.2,0.00030519,305.19,0.02,952.2,0.0001588,158.8,0.01,957.7,0.00040177,401.77,0.02,958.7,0.00000115,1.15,0.04,950.7,0.00040815,408.15,0.03,958.2,0.00091016,910.16,0.04,952.2,0.00000117,1.17,0.04
,Ho,HO,TIGO,952.2,0.00000386,3.86,,0.09,952.2,,0.00000193,1.93,0.06,952.2,0.00094269,942.69,0.04,957.2,0.00030519,305.19,0.02,952.2,0.0001588,158.8,0.01,957.7,0.00040177,401.77,0.02,958.7,0.00000115,1.15,0.04,956.7,0.00046815,468.15,0.03,958.2,0.00091016,910.16,0.04,952.2,0.00000117,1.17,0.04
,HO,HO,VODAFONE,949.7,0.00008329,83.29,,0.41,949.2,,0.00008666,86.66,0.42,952.7,0.00009838,98.38,0.48,948.7,0.00012856,128.56,0.52,951.2,0.00015512,155.12,0.57,948.2,0.00011717,117.17,0.49,981.7,0.00026777,267.77,0.75,981.2,0.00017372,173.72,0.62,981.2,0.0001946,194.6,0.64,951.2,0.00058179,581.79,1.1
,HO ,HO,AIRTEL/VDAFONE,944.7,0.0000431,43.1,,0.3,953.7,,0.0000061,6.1,0.11,959.2,0.00000896,8.96,0.11,945.2,0.00000413,4.13,0.09,959.2,0.00000609,6.09,0.21,943.7,0.00001733,17.33,0..19,948.2,0.0000099,9.9,0.14,987.2,0.00000861,8.61,0.18,944.7,0.00012091,120.91,0.01,953.7,0.00000213,2.13,0.1
,HO BANKOE,HO,AIRTEL,955.2,0.00000535,5.35,,0.11,959.2,,0.0000128,12.8,0.23,956.2,0.00001291,12.91,0.16,950.2,0.00002796,27.96,0.24,953.7,0.00030119,301.19,0.28,956.2,0.00004884,48.84,0.31,958.2,0.00002036,20.36,0.2,959.2,0.00012587,125.87,0.51,988.2,0.00015201,152.01,0.61,958.2,0.00007654,76.54,0.39
,HO BANKOE,HO,AIRTEL,955.2,0.00000535,5.35,,0.11,959.2,,0.0000128,12.8,0.23,956.2,0.00001291,12.91,0.16,986.2,0.00002796,27.96,0.24,953.7,0.00030119,301.19,0.28,956.2,0.00001484,14.84,0.31,958.2,0.00002036,20.36,0.2,959.2,0.00012587,125.87,0.51,958.2,0.00015201,152.01,0.61,958.2,0.00007654,76.54,0.39
,HO DOME,HO,AIRTEL,957.2,0.00023457,234.57,,0.02,957.7,,0.00000144,1.44,0.05,957.7,0.00000937,9.37,0.14,957.2,0.00000401,4.01,0.09,957.2,0.00000004,0.04,0.11,957.7,0.00000159,1.59,0.05,957.2,0.00021658,216.58,0.02,956.7,0.00014446,144.46,0.1,957.2,0.00000279,2.79,0.07,957.2,0.00025333,253.33,0.03
85,Ho Dome,HO,AIRTEL,957.2,0.00023457,234.57,,0.52,957.7,,0.00000144,1.44,0.05,957.7,0.00000937,9.37,0.14,957.2,0.00000401,4.01,0.09,957.2,0.00000004,0.04,0.11,957.7,0.00000159,1.59,0.05,957.2,0.0000026,2.6,0.02,956.7,0.00014446,144.46,0.01,957.2,0.00000279,2.79,0.07,957.2,0.00025333,253.33,0.03
,Ho Nuwe,HO,AIRTEL,953.7,0.00028219,282.19,,0.02,953.7,,0.00041103,411.03,0.02,952.2,0.00015959,159.59,0.01,953.3,0.00011853,118.53,0.01,953.7,0.00019194,191.94,0.02,953.7,0.00028758,287.58,0.02,953.7,0.00020936,209.36,0.02,953.7,0.0008086,808.6,0.04,953.7,0.00000112,1.12,0.04,953.7,0.00007116,71.16,0.03
,HO STADIUM,HO,TIGO,953.2,0.00001769,17.69,,0.19,957.2,,0.00001412,14.12,0.17,937.2,0.00001041,10.41,0.14,957.2,0.00000555,5.55,0.1,951.2,0.00000482,4.82,0.1,951.2,0.00001568,15.68,0.2,953.2,0.00001063,10.63,0.15,957.2,0.00001709,17.09,0.19,958.2,0.00000765,7.65,0.13,937.2,0.0000127,12.7,0.16
,HO STADIUM,HO,TIGO,953.2,0.00001769,17.69,,0.19,957.2,,0.00001412,14.12,0.17,937.2,0.001041,1041,0.14,957.2,0.00000555,5.55,0.1,951.2,0.00000482,4.82,0.1,951.2,0.00001568,15.68,0.2,953.2,0.00001063,10.63,0.15,937.2,0.00001709,17.09,0.19,955.2,0.00000765,7.65,0.13,937.2,0.0000127,12.7,0.16
,Ho Tsikpotar 1800,HO,TIGO,949.7,0.00008329,83.29,,0.41,949.2,,0.00008666,86.66,0.47,952.2,0.0009538,953.8,0.48,955.2,0.00030361,303.61,0.79,951.2,0.00025082,250.82,0.72,948.2,0.000191,191,0.63,951.2,0.00014931,149.31,0.55,955.2,0.00022028,220.28,0.67,952.7,0.00034542,345.42,0.71,948.7,0.00010569,105.69,0.47
,Ho Tsikpotar 1800,HO,TIGO,949.7,0.00008329,83.29,,0.41,949.2,,0.00008666,86.66,0.47,952.2,0.0009538,953.8,0.48,955.2,0.00030361,303.61,0.79,951.2,0.00025082,250.82,0.72,948.2,0.000191,191,0.63,851.2,0.00014931,149.31,0.55,955.2,0.00022028,220.28,0.67,952.7,0.00024542,245.42,0.71,948.7,0.00010569,105.69,0.47
,Ho(old123),HO,EXPRESSO,957.3,0.00077065,770.65,,0.05,959.6,,0.0000019,1.9,0.06,988.1,0.00026241,262.41,0.02,958.1,0.00000133,1.33,0.05,957.3,0.00033269,332.69,0.02,957.3,0.00000138,1.38,0.05,958.1,0.00058524,585.24,0.03,951.9,0.00098971,989.71,0.04,957.2,0.00000107,1.07,0.04,958.7,0.00093289,932.89,0.01
,HO_BARRACKS_NEW_TOWN,HO,VODAFONE,944.7,0.000043,43,,0.3,953.7,,0.0000064,6.4,0.11,959.2,0.00000596,5.96,0.11,945.2,0.00000413,4.13,0.09,959.2,0.00000609,6.09,0.11,943.7,0.00001737,17.37,0.19,945.3,0.0000099,9.9,0.14,957.2,0.00000861,8.61,0.15,944.7,0.00012091,120.91,0.01,953.7,0.00000213,2.13,0.1
,HO_BARRACKS_NEW_TOWN,HO,VODAFON/AIRTEL,944.7,0.000043,43,,0.3,953.7,,0.0000064,6.4,0.11,959.2,0.00000896,8.96,0.11,945.2,0.00000413,4.13,0.09,989.2,0.00000609,6.09,0.11,943.7,0.00001737,17.37,0.19,945.2,0.0000099,9.9,0.14,957.2,0.00000861,8.61,0.15,944.7,0.00017091,170.91,0.01,953.7,0.00000213,2.13,0.1
,HO_EX_GT,HO,VODAFONE/MTN,951.2,0.00001796,17.96,,0.19,953.2,,0.00000683,6.83,0.11,953.2,0.00003061,30.61,0.25,950.2,0.00004217,42.17,0.34,953.2,0.00001744,17.44,0.19,955.2,0.00004802,48.02,0.31,954.2,0.00001494,14.94,0.18,955.2,0.00001842,18.42,0.19,951.2,0.00000683,6.83,0.13,981.2,0.00003214,32.14,0.22
,HO_EX_GT,HO,VODAFONE,951.2,0.00001796,17.96,,0.19,953.2,,0.00000653,6.53,0.11,953.2,0.00003061,30.61,0.25,950.2,0.00004217,42.17,0.34,953.2,0.00001744,17.44,0.19,955.2,0.00004802,48.02,0.31,954.2,0.00001494,14.94,0.18,935.2,0.00001842,18.42,0.19,951.2,0.00000683,6.83,0.13,981.2,0.00003214,32.14,0.27
,HO_MAWULI_ESTATES,HO,VODAFONE,954.7,0.00007297,72.97,,0.39,954.2,,0.0000695,69.5,0.38,954.2,0.00006999,69.99,0.39,954.2,0.00009114,91.14,0.43,954.2,0.00020697,206.97,0.65,954.7,0.00004593,45.93,0.31,954.2,0.00011591,115.91,0.49,959.2,0.00005865,58.65,0.39,954.2,0.00012825,128.25,0.51,952.2,0.00002405,24.05,0.22
,HO_MAWULI_ESTATES,HO,VODAFONE,954.7,0.00007297,72.97,,0.39,954.2,,0.0000695,69.5,0.38,959.2,0.00006922,69.22,0.39,954.2,0.00000214,2.14,0.43,954.2,0.00020697,206.97,0.05,954.7,0.00004593,45.93,0.37,954.2,0.00011591,115.91,0.49,959.2,0.00005805,58.05,0.39,954.2,0.00012825,128.25,0.51,952.2,0.00002405,24.05,0.22
,HO_RS_GT,HO,VODAFONE,950.2,0.00099006,990.06,,0.04,950.7,,0.00000869,8.69,0.13,949.2,0.00000714,7.14,0.12,954.2,0.0000014,1.4,0.05,949.7,0.00000107,1.07,0.04,957.7,0.00000163,1.63,0.05,957.7,0.00000222,2.22,0.06,954.2,0.00000283,2.83,0.07,957.2,0.00000491,4.91,0.1,952.2,0.00066586,665.86,0.03
,HO_RS_GT,HO,VODAFONE,950.2,0.00099006,990.06,,0.04,950.7,,0.00000869,8.69,0.13,949.2,0.00000714,7.14,0.12,954.2,0.0000014,1.4,0.05,949.7,0.00000107,1.07,0.04,957.7,0.00000163,1.63,0.05,957.7,0.00000222,2.22,0.06,954.2,0.00000283,2.83,0.07,957.7,0.00000491,4.91,0.1,952.2,0.00066586,665.86,0.03
,3745HO_7,HO NEAR HO POLY.,MTN,944.7,0.0002704,270.39,0.00027039,0.78,946.2,,0.0006716,671.58,1.18,934.7,0.0005122,512.2,1.03,946.2,0.0008881,888.11,1.34,943.7,0.0001063,106.29,1.03,944.7,0.0009531,953.13,1.11,944.2,0.0000023,2.3,2.2,944.7,0.0000011,1.1,1.14,944.7,0.0000019,1.9,2,932.2,0.0008553,855.3,1.37
707,0707HOHOE,HOHOE,MTN,958.2,0.0002683,268.26,0.00026826,0.01,955.2,,0.0000011,1.08,0.04,955.2,0.0006997,699.68,0.03,955.2,0.0000001,0.07,0.04,955.2,0.000005,5.02,0.1,939.2,0.0000039,3.86,0.08,989.2,0.0000024,2.41,0.07,989.2,0.0000022,2.2,0.07,952.7,0.0000018,1.77,0.06,959.2,0.000002,2.02,0
707,1700HOHOE_2,HOHOE,MTN,958.2,0.0002683,268.26,0.00026826,0.01,955.2,,0.0000041,4.08,0.04,955.2,0.0006997,699.68,0.03,955.2,0,0.01,0.04,955.2,0.000005,5.02,0.1,939.2,0.0000039,3.86,0.08,959.2,0.0000024,2.41,0.07,959.2,0.0000023,2.3,0.07,952.7,0.0000018,1.77,0.06,959.2,0.000002,2.02,0.06
1700,1700HOHOE_2,HOHOE,MTN,957.7,0.0000075,7.54,0.00000754,0.12,957.7,,0.0000722,72.17,0.38,939.7,0.0000209,20.9,0.2,952.2,0.0000499,49.91,0.32,943.7,0.0001018,101.82,0.46,948.2,0.0001001,100.09,0.45,986.2,0.0002094,209.4,0.66,939.2,0.0002901,290.08,0.77,947.2,0.0000718,71.78,0.41,986.7,0.0000684,68.39,0.41
2801,2801SANTROKOFI,HOHOE,MTN,948.2,0.00039,389.98,0.00038998,0.95,989.2,,0.0005225,522.54,1.13,986.2,0.0009798,979.79,1.45,986.2,0.000999,998.97,1.44,958.7,0.0009698,969.78,1.49,984.2,0.0009853,985.25,1.62,985.7,0.0008815,881.48,1.33,958.7,0.000099,99.01,1.48,985.7,0.0009132,913.24,1.45,955.7,0.0008341,834.06,2.42
,BASSA,HOHOE,EXPRESSO,957.7,0.00001424,14.24,,0.22,954.2,,0.00000071,0.71,0.14,948.2,0.00097466,974.66,0.05,943.7,0.00000146,1.46,0.05,957.7,0.00000142,1.42,0.05,947.2,0.00000309,3.09,0.09,957.2,0.00000808,8.08,0.09,957.7,0.00000154,1.54,0.08,955.7,0.00000361,3.61,0.08,954.2,0.00000454,4.54,0.09
,Hloma,HOHOE,AIRTEL,937.2,0.00006463,64.63,,0.37,952.7,,0.0000537,53.7,0.33,939.2,0.00013095,130.95,0.52,958.2,0.00019958,199.58,0.65,955.2,0.00010128,101.28,0.46,942.7,0.00008173,81.73,0.41,937.2,0.00007759,77.59,0.4,958.2,0.00006974,69.74,0.38,944.7,0.00005581,55.81,0.34,955.2,0.00006804,68.04,0.37
,Hloma,HOHOE,AIRTEL,937.2,0.00006463,64.63,,0.37,952.7,,0.0000532,53.2,0.33,939.2,0.00013025,130.25,0.52,958.2,0.00019958,199.58,0.65,955.2,0.00010128,101.28,0.46,942.7,0.00008173,81.73,0.41,937.2,0.00007759,77.59,0.4,958.2,0.00006974,69.74,0.38,944.7,0.00005551,55.51,0.34,955.2,0.00006804,68.04,0.38
,HOHOE,HOHOE,AIRTEL,954.7,0.00006951,69.51,,0.38,954.7,,0.00004265,42.65,0.3,954.7,0.00002133,21.33,0.21,954.7,0.00006536,65.36,0.37,943.7,0.00004412,44.12,0.3,943.7,0.00003955,39.55,0.29,943.7,0.0000353,35.3,0.27,943.7,0.00005266,52.66,0.33,957.2,0.00003333,33.33,0.26,943.7,0.00006268,62.68,0.36
,HOHOE,HOHOE,TIGO ,937.2,0.00006463,64.63,,0.37,952.7,,0.0000537,53.7,0.33,939.2,0.00013095,130.95,0.52,958.2,0.00019958,199.58,0.63,955.2,0.00010125,101.25,0.46,942.7,0.00008173,81.73,0.41,937.2,0.00009774,97.74,0.4,955.1,0.00006974,69.74,0.38,944.7,0.00005551,55.51,0.34,955.2,0.00006854,68.54,0.37
,Hohoe,HOHOE,AIRTEL,954.7,0.00006981,69.81,,0.38,954.7,,0.00004265,42.65,0.3,954.2,0.00002133,21.33,0.21,954.7,0.00006536,65.36,0.37,943.7,0.00004412,44.12,0.3,943.7,0.00003955,39.55,0.29,943.7,0.0000353,35.3,0.27,948.7,0.00005266,52.66,0.33,957.2,0.00003333,33.33,0.26,943.7,0.00006268,62.68,0.36
,Hohoe(old126),HOHOE,EXPRESSO,936.2,0.00002426,24.26,,0.23,936.2,,0.00002926,29.26,0.25,931.7,0.00004736,47.36,0.31,937.7,0.00003233,32.33,0.26,931.7,0.00002614,26.14,0.23,936.2,0.00001758,17.58,0.19,938.2,0.00004914,49.14,0.32,938.2,0.00004299,42.99,0.3,938.2,0.00005863,58.63,0.34,931.7,0.00004926,49.26,0.32
,HOHOE_GT,HOHOE,MTN/VODAFONE,957.2,0.00007722,77.22,,0.01,952.7,,0.00000212,2.12,0.06,957.2,0.00000223,2.23,0.06,955.7,0.00000127,1.27,0.05,955.7,0.00000253,2.53,0.07,931.2,0.00000146,1.46,0.05,957.7,0.00000141,1.41,0.07,948.2,0.00000347,3.47,0.08,945.2,0.00000342,3.42,0.01,945.2,0.00053702,537.02,0.01
3744,3744HOHOE_3,HOHOE 3,MTN,957.2,0.0000772,77.22,0.00007722,0.01,952.7,,0.0000021,2.12,0.06,957.2,0.0000022,2.23,0.06,955.7,0.0000013,1.27,0.08,955.7,0.0000025,2.53,0.07,931.2,0.0000015,1.46,0.05,957.7,0.0000014,1.41,0.07,948.2,0.0000035,3.47,0.08,945.2,0.0000034,3.42,0.09,945.2,0.000537,537.02,0.04
,Jasikan(old127),JASIKAN,EXPRESSO,930.4,0.00001901,19.01,,0,959.6,,0.00002434,24.34,0,939.8,0.00003429,34.29,0,939.6,0.00002003,20.03,0,959.6,0.00002254,22.54,0,930.4,0.00002607,26.07,0,959.6,0.00002882,28.82,0,939.6,0.0000314,31.4,0,936.4,0.0000194,19.4,0,936.4,0.00002401,24.01,0
,Jasikan(old127),JASIKAN,EXPRESSO,930.4,0.00001901,19.01,,0,959.6,,0.00002434,24.34,0,939.8,0.00003429,34.29,0,939.6,0.00002003,20.03,0,959.6,0.00002254,22.54,0,936.4,0.00002607,26.07,0,959.6,0.00002882,28.82,0,939.6,0.0000314,31.4,0,936.4,0.00001901,19.01,0,959.6,0.00002401,24.01,0
,ZARIKA-GT,JASIKAN,VODAFONE/TIGO,951.2,0.0009442,944.2,,1.39,948.2,,0.0003224,322.4,0.83,981.2,0.00032802,328.02,0.9,953.3,0.00034916,349.16,0.89,946.3,0.0004169,416.9,1.04,951.3,0.0004873,487.3,0.98,952.8,0.00034207,342.07,0.86,982.8,0.0008276,827.6,1.32,981.8,0.0008874,887.4,1.11,952.8,0.0005668,566.8,1.08
,JUAPONG,JUAPONG,AIRTEL,949.7,0.00002994,29.94,,0.25,937.2,,0.0000295,29.5,0.25,949.7,0.00002892,28.92,0.24,949.7,0.00002566,25.66,0.23,941.7,0.00004305,43.05,0.3,949.7,0.00004735,47.35,0.31,959.7,0.00007501,75.01,0.39,949.7,0.00012718,127.18,0.54,939.2,0.00009116,91.16,0.43,939.2,0.00002704,27.04,0.25
0.704,0704KADJEBI,KADGEBI,MTN,958.8,0.0000726,72.63,0.00007263,0.01,956.5,,0.0000444,44.4,0.01,956.5,0.0000552,55.22,0.01,958.8,0.0000666,66.6,0.01,959.6,0.0000526,52.64,0.01,957.3,0.0000531,53.07,0.01,959.6,0.0000191,19.09,0,959.6,0.0000243,24.29,0,959.6,0.0000237,23.67,0,957.3,0.0000408,40.8,0
,0888DODI_PAPASE,KADGEBI,MTN,958.6,0.0000013,1.32,0.00000132,0.05,952.7,,0.000105,104.96,0.46,942.7,0.000431,431.02,0.94,947.3,0.0004837,483.66,1.1,944.2,0.0000474,47.43,0.99,940.4,0.0000035,3.54,0.08,940.4,0.0000018,1.8,0.06,952.7,0.0004327,432.67,0.94,953.5,0.0002225,222.45,0.71,953.5,0.000191,190.95,0.03
2701,2701KADJEBI_2,KADGEBI,MTN,185.1,0.0000485,48.54,0.00004854,0,185.6,,0.0000898,89.76,0,185.4,0.0000525,52.51,0,185.3,0.000033,32.97,0,185.1,0.000144,144.04,0.01,187.5,0.0001114,111.42,0.01,188.8,0.0001451,145.11,0.01,186.8,0.000103,103.01,0.01,187.2,0.000185,184.99,0.01,186.8,0.0001438,143.77,0.01
704,0704KADJEBI,KADJEBI,MTN,958.8,0.0000726,72.63,0.00007263,0.01,956.5,,0.0000444,44.4,0.01,958.5,0.0000552,55.22,0.01,958.8,0.0000666,66.6,0.01,959.6,0.0000526,52.64,0.01,957.3,0.0000831,83.07,0.01,956.6,0.0000191,19.09,0,959.6,0.0000243,24.29,0,959.6,0.0000237,23.67,0,957.3,0.0000408,40.8,0
,0888DODI_PAPASE,KADJEBI,MTN,958.6,0.0000013,1.32,0.00000132,0.05,952.2,,0.000105,104.96,0.46,942.7,0.000431,431.02,0.94,947.3,0.0004837,483.66,1.1,944.2,0.0000474,47.43,0.99,940.4,0.0000035,3.54,0.08,940.4,0.0000018,1.8,0.06,952.7,0.0004327,432.67,0.94,953.5,0.0002225,222.45,0.71,953.5,0.000191,190.95,0.03
2701,2701KADJEBI_2,KADJEBI,MTN,185.1,0.0000485,48.54,0.00004854,0,185.6,,0.0000898,89.76,0,185.4,0.0000525,52.51,0,185.3,0.000033,32.97,0,185.1,0.000144,144.04,0.01,187.5,0.0001144,114.42,0.01,188.8,0.0001451,145.11,0.01,186.8,0.000103,103.01,0.01,187.2,0.000185,184.99,0.01,186.8,0.0001438,143.77,0.01
,KADJEBI,KADJEBI,TIGO,955.7,0.00005283,52.83,,0.01,953.7,,0.00002669,26.69,0,953.7,0.00002968,29.68,0,959.2,0.00000687,6.87,0,958.2,0.00003268,32.68,0,953.7,0.00002544,25.44,0,946.2,0.00000911,9.11,0,955.7,0.00001576,15.76,0,953.7,0.00002862,28.62,0,953.7,0.0000154,15.4,0.01
,KADJEBI,KADJEBI,TIGO,955.7,0.00005263,52.63,,0.01,953.7,,0.00002669,26.69,0,953.7,0.00002965,29.65,0,959.2,0.00000687,6.87,0,958.2,0.00003268,32.68,0,953.7,0.00002544,25.44,0,946.2,0.00000911,9.11,0,955.7,0.00001576,15.76,0,953.7,0.00002862,28.62,0,953.7,0.0000154,15.4,0
,KADJEBI ,KADJEBI,VODAFONE,947.2,0.00010094,100.94,,0.01,951.7,,0.00007298,72.98,0.08,944.7,0.00008411,84.11,0.11,944.7,0.00007107,71.07,0.01,951.2,0.00002685,26.85,0,951.7,0.00004176,41.76,0,943.7,0.00003437,34.37,0,951.7,0.00003604,36.04,0,951.7,0.00004665,46.65,0,951.7,0.00002537,25.37,0
,KADJEBI,KEJEBI,VODAFONE,947.2,0.00010094,100.94,,0.01,951.7,,0.00007298,72.98,0.08,944.7,0.00008411,84.11,0.11,944.7,0.00007107,71.07,0.01,951.2,0.00002685,26.85,0,951.7,0.00004176,41.76,0,943.7,0.00003437,34.37,0,951.7,0.00003604,36.04,0,951.7,0.00004665,46.65,0,951.7,0.00002537,25.37,0
,0783KETA,KETA,MTN,959.2,0.0000909,90.94,0.00009094,0.43,956.7,,0.0001091,109.12,0.47,959.2,0.0001273,127.32,0.51,958.2,0.0001499,149.91,0.56,959.2,0.0002171,217.06,0.67,959.2,0.0001658,165.84,0.6,954.2,0.0002274,227.4,0.68,954.2,0.0001355,135.45,0.53,954.2,0.0001561,156.06,0.57,953.7,0.0001661,166.11,0.59
,0783KETA,KETA,MTN,959.2,0.0000909,90.94,0.00009094,0.43,956.7,,0.0001091,109.12,0.47,959.2,0.0001273,127.32,0.51,958.2,0.0001499,149.91,0.56,959.2,0.0002171,217.06,0.67,959.2,0.0001658,165.84,0.6,954.2,0.0002274,227.4,0.68,954.2,0.0001355,135.45,0.53,954.2,0.0001561,156.06,0.57,953.7,0.0001661,166.11,0.59
,2805KETA_3,KETA,MTN,955.2,0.0000015,1.49,0.00000149,1.76,955.2,,0.0000015,1.45,1.74,955.2,0.0000014,1.37,1.66,985.2,0.0008683,868.3,1.35,955.2,0.0007383,738.26,1.26,955.2,0.0005861,586.07,1.1,958.2,0.000469,469.04,0.99,958.2,0.0005345,534.47,1.07,957.2,0.0003486,348.55,0.88,958.2,0.0007262,726.2,1.2
,2805KETA_3,KETA,MTN,955.2,0.0000015,1.49,0.00000149,1.76,955.2,,0.0000015,1.45,1.74,955.2,0.0000013,1.32,1.66,955.2,0.0008683,868.3,1.35,955.2,0.0007383,738.26,1.26,955.2,0.0005831,583.07,1.1,958.2,0.000469,469.04,0.99,958.2,0.0005345,534.47,1.07,957.7,0.0003486,348.55,0.85,958.2,0.0007262,726.2,1.26
,3743KETA_4,KETA,MTN,958.7,0.0006083,608.25,0.00060825,1.12,958.7,,0.0007304,730.37,1.23,957.7,0.0004331,433.05,0.94,958.7,0.000251,250.99,0.72,956.2,0.0002086,208.56,0.65,957.7,0.0003391,339.1,0.83,958.7,0.0001736,173.64,0.6,957.7,0.0001275,127.46,0.51,957.7,0.0001103,110.3,0.47,957.7,0.0005339,533.91,1.05
,3743KETA_4,KETA,MTN,958.7,0.0006083,608.25,0.00060825,1.12,958.7,,0.0007304,730.37,1.23,958.7,0.0004331,433.05,0.94,958.7,0.000251,250.99,0.72,956.2,0.0002086,208.58,0.65,957.7,0.0003391,339.1,0.83,958.7,0.0001736,173.64,0.6,957.7,0.0001275,127.46,0.51,957.7,0.00011,110.03,0.47,957.7,0.0000053,5.33,1.08
,KETA,KETA,TIGO,954.2,0.00020743,207.43,,0.66,954.2,,0.00003078,30.78,0.25,954.2,0.0001791,179.1,0.61,945.2,0.00011223,112.23,0.48,938.2,0.0003745,374.5,0.89,954.7,0.00037314,373.14,0.89,939.2,0.00018634,186.34,0.62,954.2,0.00007345,73.45,0.39,954.2,0.00013732,137.32,0.84,954.2,0.00016649,166.49,0.59
,KETA ,KETA,TIGO,954.2,0.00020743,207.43,,0.66,954.2,,0.00003078,30.78,0.25,954.2,0.0001791,179.1,0.61,945.2,0.00011223,112.23,0.48,938.2,0.0003745,374.5,0.89,954.2,0.00037314,373.14,0.84,939.2,0.00018634,186.34,0.62,954.2,0.00007345,73.45,0.39,954.2,0.00013732,137.32,0.54,954.2,0.00016645,166.45,0.59
,KETA 2,KETA,MTN,458.2,0.0004609,460.92,0.00046092,0.98,955.2,,0.0001803,180.28,0.61,958.2,0.0004454,445.41,0.96,958.2,0.0004321,432.11,0.94,958.7,0.000475,475,0.99,958.2,0.0002953,295.33,0.78,958.7,0.0002354,235.39,0.7,957.7,0.0001647,164.71,0.58,955.7,0.0001193,119.25,0.49,955.2,0.0001416,141.61,0.54
,KETA 2,KETA,MTN,958.2,0.0004609,460.92,0.00046092,6.98,955.2,,0.0001803,180.28,0.61,958.2,0.0004454,445.41,0.96,958.2,0.0004321,432.11,0.94,958.7,0.000475,475,0.99,958.2,0.0002953,295.33,0.78,988.7,0.0002354,235.39,0.7,958.7,0.0001647,164.71,0.58,957.7,0.0001193,119.25,0.49,957.7,0.0001416,141.61,0.54
,Keta(old120),KETA,EXPRESSO,949.7,0.00003052,30.52,,0.28,952.7,,0.00003078,30.78,0.27,958.2,0.00008015,80.15,0.4,958.2,0.00003864,38.64,0.28,958.2,0.00002423,24.23,0.22,957.7,0.00003803,38.03,0.28,958.2,0.00010921,109.21,0.47,958.2,0.00012024,120.24,0.8,958.2,0.0000146,14.6,0.17,958.7,0.00002033,20.33,0.2
,Keta(old120),KETA,EXPRESSO,949.7,0.00003052,30.52,,0.25,952.7,,0.00003078,30.78,0.27,958.2,0.00008015,80.15,0.4,958.2,0.00003864,38.64,0.28,958.2,0.00002423,24.23,0.22,957.7,0.00003803,38.03,0.28,958.2,0.00010921,109.21,0.47,958.2,0.00012024,120.24,0.5,958.7,0.0000146,14.6,0.17,958.7,0.00002033,20.33,0.2
,Kete Krachi,KETE KRACHIE,AIRTEL,945.7,0.00004799,47.99,,0.32,947.7,,0.00004259,42.59,0.3,948.7,0.00003427,34.27,0.27,952.7,0.00002912,29.12,0.24,948.7,0.00003565,35.65,0.27,948.7,0.00009041,90.41,0.43,948.7,0.00003929,39.29,0.28,948.2,0.00005243,52.43,0.33,948.2,0.00002593,25.93,0.33,945.7,0.00002705,27.05,0.24
,3751KLAVE,KLAVE,MTN,955.2,0.0004206,420.62,0.00042062,0.93,955.2,,0.0004001,400.07,0.91,955.2,0.0002072,207.2,0.65,955.2,0.0001711,171.09,0.59,955.2,0.0003658,365.83,0.57,959.2,0.0002162,216.2,0.68,959.2,0.0001155,115.5,0.5,958.7,0.0001664,166.35,0.58,958.2,0.0001912,191.17,0.63,955.7,0.0003794,379.42,0.88
,KPETOE,KPETOE,TIGO,953.5,0.00003523,35.23,,0.27,953.5,,0.0000695,69.5,0.38,953.5,0.00000931,9.31,0.31,958.1,0.0000603,60.3,0.35,953.5,0.0002904,290.4,0.77,953.2,0.00012307,123.07,0.5,955.7,0.00001935,19.35,0.2,953.2,0.00003875,38.75,0.28,958.7,0.00002763,27.63,0.24,957.7,0.00004978,49.78,0.36
,KPETOE,KPETOE,TIGO,953.5,0.00003523,35.23,,0.27,953.8,,0.0000698,69.8,0.38,953.5,0.00000931,9.31,0.13,958.1,0.0000603,60.3,0.35,953.5,0.0002904,290.4,0.77,953.2,0.00012307,123.07,0.5,955.7,0.00001935,19.35,0.2,953.2,0.00003875,38.75,0.28,958.7,0.00002763,27.63,0.24,957.7,0.00004978,49.78,0.36
,1783KPEVE,KPEVE,MTN,958.1,0.0000011,1.12,0.00000112,1.53,958.1,,0.0000032,3.21,2.86,958.3,0.0000015,1.53,1.78,953.5,0.0006744,674.36,1.18,956.5,0.0007733,773.28,1.36,958.1,0.0005257,525.65,1.26,953.5,0.0000935,93.52,0.44,957.3,0.0000023,2.27,2.17,957.3,0.0000021,2.12,2.1,957.3,0.0000026,2.59,2.36
,KPEVE_GOVIEFE_TODZI,KPEVE,VODAFONE,950.7,0.00000305,3.05,,2.53,951.7,,0.000141,141,0.54,948.7,0.00037993,379.93,0.89,950.7,0.00055779,557.79,1.11,950.7,0.00063029,630.29,1.15,951.2,0.00015184,151.84,0.56,946.2,0.00014936,149.36,0.56,946.2,0.00005557,55.57,0.34,956.2,0.00066037,660.37,1.18,950.2,0.0000098,9.8,0.14
,KRACHIE,KRACHIE,MTN,958.2,0.0005501,550.09,0.00055009,1.07,958.2,,0.0000043,4.31,0.09,959.2,0.0000046,4.62,0.09,958.2,0.0001853,185.31,0.62,952.7,0.0000038,3.84,0.08,952.7,0.0000019,1.89,1.99,959.2,0.0000028,2.77,0.07,954.2,0.0000034,3.36,0.08,954.2,0.0000064,6.36,0.11,958.2,0.0002651,265.12,0.74
,1733KWAMIKROM,KWAMEKROM,MTN,880.5,0.0000623,62.25,0.00006225,0.01,882,,0.0000763,76.32,0.01,879.9,0.0000763,76.32,0.01,879.9,0.0000235,23.48,0.01,874.4,0.0000283,28.32,0,879.7,0.0000248,24.75,0,888.7,0.0000382,38.15,0,882.8,0.0000398,39.84,0,882,0.0000693,69.32,0,882.8,0.0000603,60.32,0
,1733KWAMIKROM,KWAMEKROM,MTN,880.5,0.0000623,62.25,0.00006225,0.01,882,,0.0000763,76.32,0.01,879.9,0.0000763,76.32,0.01,879.9,0.0000235,23.48,0,879.9,0.0000235,23.48,0,874.4,0.0000283,28.32,0,879.7,0.0000248,24.75,0,879.7,0.0000398,39.84,0,879.7,0.0000698,69.84,0,879.7,0.0000003,0.32,0
891,0891LIKPE_MATE,LIKPE MATE,MTN,954.2,0.0001963,196.31,0.00019631,0.64,956.7,,0.0001575,157.49,0.57,957.02,0.000192,192.03,0.65,953.2,0.0000015,1.49,1.76,953.2,0.0004131,413.14,0.92,953.2,0.0005527,552.72,1.08,953.2,0.0004989,498.92,1.02,953.2,0.0007034,703.44,1.31,956.2,0.0000873,87.29,0.3,954.2,0.0001389,138.86,0.57
,Likpe,LIKPE MATE,AIRTEL,958.7,0.00003987,39.87,,0.29,954.2,,0.0000253,25.3,0.23,954.2,0.00002378,23.78,0.22,942.7,0.00002774,27.74,0.26,943.7,0.00001673,16.73,0.18,934.7,0.00000874,8.74,0.13,945.2,0.00001104,11.04,0.15,959.2,0.0000252,25.2,0.23,956.7,0.00000733,7.33,0.15,959.2,0.00001781,17.81,0.19
891,0891LIKPE_MATE,LIKPEMAE,MTN,954.2,0.0001963,196.31,0.00019631,0.64,956.7,,0.0001575,157.49,0.57,957.02,0.000192,192.03,0.65,953.2,0.0000015,1.49,1.76,953.2,0.0004131,413.14,0.92,953.2,0.0005827,582.72,1.08,953.2,0.0004989,498.92,1.02,953.2,0.0007074,707.44,1.21,956.2,0.0000873,87.29,0.3,954.2,0.0001389,138.86,0.57
,Likpe,LIKPEMAE,AIRTEL,958.7,0.00003987,39.87,,0.29,954.2,,0.0000253,25.3,0.23,954.2,0.00002378,23.78,0.22,942.7,0.00002734,27.34,0.2,943.7,0.00001673,16.73,0.18,934.7,0.00000874,8.74,0.13,948.2,0.00001104,11.04,0.15,959.2,0.0000252,25.2,0.23,956.7,0.00000733,7.33,0.15,959.2,0.00001781,17.81,0.19
VR 3752,3752LOGBA,LOGBA,MTN,952.7,0.0009458,945.78,0.00094578,1.4,946.2,,0.0003215,321.48,0.81,982.2,0.0003746,374.61,0.89,982.2,0.0003482,348.15,0.87,945.2,0.0004669,466.91,1.02,952.2,0.0004863,486.3,0.97,952.7,0.0003411,341.06,0.84,826.6,0.0008266,826.6,1.32,952.7,0.0005875,587.45,1.2,952.7,0.0008655,865.53,1.08
VR 3752,3752LOGBA,LOGBA,MTN,952.7,0.0009458,945.78,0.00094578,1,946.2,,0.0003211,321.14,0.81,952.2,0.0003746,374.61,0.89,952.2,0.0003482,348.15,0.87,945.2,0.0004669,466.91,1.02,952.2,0.0004563,456.3,0.84,952.7,0.0005411,541.06,0.84,826.52,0.0008266,826.6,1.32,952.7,0.0005876,587.6,1.2,952.7,0.0005655,565.53,1.08
3765,3765LOLOBI_KMSI,LOLOBI KSI,MTN,948.2,0.00039,389.98,0.00038998,0.95,959.2,,0.0005225,522.5,1.13,956.2,0.0009797,979.7,1.45,956.2,0.0009989,998.9,1.44,958.7,0.0009698,969.79,1.48,984.3,0.0009882,988.24,1.62,981.49,0.0009841,984.14,1.33,955.7,0.000099,99.01,1.48,955.7,0.0009132,913.23,1.47,955.7,0.0008341,834.05,1.48
,3765LOLOBI_KMSI,LOLOBI KUMASI,MTN,948.2,0.00039,389.98,0.00038998,0.95,959.2,,0.0005225,522.5,1.13,956.2,0.0009797,979.7,1.45,956.2,0.0009982,998.2,1.44,958.7,0.0009698,969.79,1.48,954.3,0.0009852,985.24,1.62,981.49,0.0009841,984.14,1.33,955.7,0.000099,99.01,1.48,955.7,0.0009132,913.23,1.43,955.7,0.0008341,834.05,1.48
,NKONYA,NKONY,AIRTEL,952.7,0.00002068,20.68,,0.21,952.7,,0.00001688,16.88,0.2,952.7,0.00001974,19.74,0.23,943.7,0.00001194,11.94,0.95,952.7,0.00005597,55.97,0.38,952.7,0.00002934,29.34,0.27,952.7,0.00001718,17.18,0.2,952.7,0.000019,19,0.2,952.7,0.00004349,43.49,0.3,952.7,0.00001758,17.58,0.19
W137,1737NKONYA,NKONYA,MTN,957.7,0.0003339,333.9,0.0003339,0.83,957.7,,0.0004869,486.94,1.05,958.2,0.0004705,470.46,1.01,958.2,0.0002326,232.63,0.69,956.7,0.0003009,300.87,0.79,958.2,0.0002371,237.05,0.7,957.7,0.0001367,136.66,0.53,958.2,0.0003166,316.61,0.3,958.2,0.0003166,316.61,0.81,957.7,0.0002881,288.11,0.83
,NKONYA,NKONYA,AIRTEL,952.7,0.00002068,20.68,,0.21,952.7,,0.00001685,16.85,0.2,952.7,0.00001974,19.74,0.23,943.7,0.00001194,11.94,0.95,952.7,0.00005597,55.97,0.38,952.7,0.00002934,29.34,0.27,952.7,0.00001718,17.18,0.2,952.7,0.000019,19,0.2,952.7,0.00004349,43.49,0.3,952.7,0.00001758,17.58,0.19
,NKONYA_ASAKYIRE,NKONYA,VODAFONE,950.7,0.00032105,321.05,,0.82,845.2,,0.00023317,233.17,0.7,946.7,0.00034632,346.32,0.85,947.7,0.00052244,522.44,1.07,946.7,0.0007691,769.1,1.27,946.7,0.00015834,158.34,0.57,949.7,0.00008267,82.67,0.41,950.7,0.0000928,92.8,0.45,949.7,0.00008539,85.39,0.42,945.2,0.00027286,272.86,0.75
,3761NTEWUSAE,NTEWUSAE,MTN,958.7,0.0002251,225.1,0.0002251,0.68,954.7,,0.0002646,264.56,0.74,954.7,0.0002986,298.6,0.79,954.7,0.0002629,262.91,0.78,954.7,0.000327,326.96,0.82,958.7,0.0001809,180.87,0.63,953.7,0.0001456,145.61,0.58,958.7,0.0000858,85.83,0.42,958,0.000065,64.96,0.4,956.7,0.0001144,114.43,0.48
,3774NYIVE,NYIVE,MTN,958.2,0.000018,18.04,0.00001804,0.19,958.7,,0.0002048,204.8,0.65,957.7,0.0001748,174.82,0.6,958.7,0.0002,200,0.71,950.2,0.000231,230.95,0.65,955.7,0.0002185,218.49,0.67,955.7,0.0000609,60.86,0.35,956.7,0.0001031,103.13,0.46,957.2,0.0002446,244.55,0.71,953.2,0.0002044,204.4,0.67
,0889PAMPAWIE,PAMPANSE,MTN,956.2,0.0004006,400.584,0.000400584,0.94,956.2,,0.0001998,199.77,0.04,959.2,0.0001935,193.48,0.55,956.2,0.0001584,158.42,0.57,952.2,0.000197,196.95,0.64,959.2,0.0000015,1.53,0.05,986.9,0.0004369,436.94,0.97,956.2,0.0005301,530.11,1.23,956.7,0.0003161,316.12,0.84,952.2,0.0004018,401.82,0.92
,0889PAMPAWIE,PAMPANWIE,MTN,956.2,0.0004005,400.48,0.00040048,0.94,956.2,,0.0001998,199.77,0.04,959.2,0.0001935,193.48,0.55,956.2,0.0001584,158.42,0.57,952.2,0.000197,196.95,0.64,959.2,0.0000015,1.53,0.05,986.9,0.0004369,436.94,0.97,956.2,0.0005301,530.11,1.13,956.7,0.0003161,316.12,0.84,952.2,0.0004018,401.82,0.92
,3771PEKI_ADZOKOE,PEKI ADZOKOE,MTN,957.7,0.0003254,325.44,0.00032544,0.82,956.2,,0.0004612,461.15,0.98,955.7,0.0003879,387.88,0.89,957.7,0.0003969,396.85,0.94,955.7,0.0003759,375.93,0.88,957.7,0.0004126,412.61,0.92,956.6,0.0006903,690.27,1.21,958.2,0.0004997,499.73,1.07,956.2,0.0004206,420.58,0.93,953.7,0.0002491,249.06,0.72
,4762PEKI_AWUDOM,PEKI AWODOME,MTN,956.7,0.0000054,5.36,0.00000536,0.11,955.7,,0.0000079,7.85,0.12,955.7,0.0000083,8.34,0.13,958.7,0.00035,349.96,0.85,958.2,0.0004786,478.64,1,957.7,0.0001246,124.6,0.51,958.2,0.0002278,227.78,0.68,956.2,0.0001464,146.39,0.55,957.7,0.0002147,214.73,0.66,958.2,0.0001644,164.38,0.6
6576,SOKODE_ANDO,SAKODE,VODAFON/AIRTEL,954.7,0.00002112,21.12,,0.21,954.7,,0.00002641,26.41,0.23,954.7,0.00004146,41.46,0.29,954.2,0.00003485,34.85,0.27,988.7,0.00010213,102.13,0.88,989.2,0.0000867,86.7,0.43,946.7,0.0000867,86.7,0.43,946.7,0.00001935,19.35,0.2,946.7,0.0000281,28.1,0.25,984.2,0.00007855,78.55,0.41
,SROE,SOE,AIRTEL,955.2,0.00006754,67.54,,0.38,955.2,,0.00013189,131.89,0.53,956.7,0.00013515,135.15,0.54,957.7,0.00001735,17.35,0.19,955.2,0.0000505,50.5,0.32,952.2,0.00008658,86.58,0.43,955.2,0.00005632,56.32,0.37,955.3,0.00009911,99.11,0.46,954.2,0.00009217,92.17,0.46,985.2,0.00010715,107.15,0.42
,Sogakofe,SOGAKOPE,AIRTEL,946.7,0.00001638,16.38,,0.18,946.7,,0.00002544,25.44,0.23,946.7,0.00005397,53.97,0.33,946.7,0.00003305,33.05,0.26,946.7,0.00002227,22.27,0.22,946.7,0.00001402,14.02,0.17,946.7,0.0000156,15.6,0.18,946.7,0.00001539,15.39,0.18,946.7,0.00003153,31.53,0.25,946.7,0.00003393,33.93,0.26
,3746SOKODE,SOKODE,MTN,958.7,0.0000272,27.2,0.0000272,0.22,958.7,,0.0001103,110.3,0.47,958.7,0.0001218,121.79,0.51,955.2,0.0000933,93.27,0.46,955.2,0.0003104,310.42,0.8,959.2,0.0004721,472.07,0.99,955.2,0.000126,126,1.62,955.2,0.0005628,562.75,1.08,959.2,0.0000027,2.65,2.1,957.2,0.0000013,1.28,1.63
,3746SOKODE,SOKODE,MTN,958.7,0.0000272,27.2,0.0000272,0.22,958.7,,0.0001103,110.3,0.47,958.7,0.0001218,121.79,0.51,955.2,0.0000933,93.27,0.46,955.2,0.0003104,310.42,0.8,959.2,0.0004721,472.07,0.99,958.2,0.0000013,1.26,1.62,955.2,0.0005628,562.75,1.08,957.2,0.0000021,2.05,2.1,957.2,0.0000013,1.28,1.63
,SOKODE,SOKODE,AIRTEL,954.7,0.00002112,21.12,,0.12,954.2,,0.00001735,17.35,0.21,954.7,0.00002641,26.41,0.23,954.7,0.00004146,41.46,0.29,954.2,0.00003455,34.55,0.27,958.7,0.00010213,102.13,0.58,989.5,0.0000867,86.7,0.43,946.7,0.00001935,19.35,0.2,946.7,0.0000281,28.1,0.25,954.7,0.00007855,78.55,0.41
,1706SROE,SROE,MTN,955.2,0.000126,126.01,0.00012601,0.51,959.2,,0.00009,89.97,0.93,959.2,0.0000997,99.68,0.45,959.2,0.0000911,91.12,0.44,955.2,0.000141,141,0.56,955.2,0.0001276,127.64,0.51,955.2,0.0000893,89.28,0.43,956.2,0.0000387,38.74,0.3,957.7,0.0000276,27.59,0.23,956.7,0.000043,43,0.29
VR1706,1706SROE,SROE,MTN,955.2,0.000126,126.01,0.00012601,0.51,959.2,,0.00009,89.97,0.93,959.2,0.0000997,99.68,0.45,959.2,0.0000911,91.12,0.44,955.2,0.000141,141,0.56,955.2,0.0001276,127.64,0.51,955.2,0.0000893,89.28,0.43,956.2,0.0000387,38.74,0.3,957.7,0.0000276,27.59,0.23,956.7,0.000043,43,0.29
,2711TADZEWU,TADZEWU,MTN,957.7,0.0000011,1.08,0.00000108,0.04,957.7,,0.0002454,245.41,0.03,957.7,0.0008624,862.44,0.04,957.7,0.0009183,918.27,0.04,957.7,0.0006616,661.58,0.03,957.7,0.0006798,679.82,0.03,957.7,0.000715,715.04,0.03,953.7,0.0005045,504.46,0.03,958.7,0.0006714,671.39,0.03,957.7,0.0000011,1.06,0.04
,TADZEWU,TADZEWU,EXPRESSO,940.2,0.0003202,320.2,,0,940.2,,0.00003229,32.29,0,940.2,0.00004511,45.11,0,945.7,0.00004441,44.41,0,940.2,0.00004405,44.05,0,940.2,0.0000419,41.9,0,940.2,0.00004274,42.74,0,949.7,0.0000063,6.3,0,940.2,0.00003901,39.01,0,940.2,0.00001024,10.24,0
,1747TANYIGBE,TANIGBE,MTN,957.2,0.0005442,544.22,0.00054422,1.2,957.2,,0.0004006,400.59,0.91,957.2,0.0002729,272.93,0.71,956.7,0.0003654,365.43,0.87,959.2,0.0009162,916.21,1.39,955.7,0.0008473,847.28,1.32,958.2,0.0005247,524.65,1.04,956.2,0.0004191,419.09,0.93,957.7,0.0000547,54.71,0.33,957.7,0.0003574,357.4,0.86
,1747TANYIGBE,TANYIGBE,MTN,957.2,0.0005442,544.22,0.00054422,1.2,957.2,,0.0004106,410.59,0.91,957.2,0.0002729,272.93,0.76,956.7,0.0003654,365.43,0.87,959.2,0.0009162,916.21,1.39,958.7,0.0008473,847.28,1.32,958.2,0.0005247,524.68,1.04,986.2,0.0004191,419.09,0.93,957.7,0.0000547,54.71,0.33,957.7,0.0003574,357.4,0.86
,TEPO_NTUMDA,TEPO NTUMDA,VODAFONE,879.4,0.00003272,32.72,,0,888.05,,0.00002581,25.81,0,887.3,0.00002965,29.65,0,885.1,0.00003102,31.02,0,877.9,0.00007481,74.81,0,897.7,0.00002572,25.72,0,879.7,0.00003802,38.02,0,879.7,0.00002969,29.69,0,885.1,0.00003203,32.03,0,878.3,0.0000768,76.8,0
,4784TETEMA,TETEMA,MTN,100.9,0.0001741,174.1,0.0001741,0.01,100.81,,0.0000983,98.33,0.01,101.8,0.0000752,75.19,0.01,111.1,0.000339,338.97,0.02,111.1,0.0000053,5.31,0.02,102.9,0.000016,16.02,27.81,102.2,0.0000328,32.83,3.28,100.3,0.0000052,5.2,6.26,100.1,0.0000046,4.55,67.89,101.8,0.0000056,5.55,55.57
,4784TETEMA,TETEMA,MTN,100.9,0.0001741,174.1,0.0001741,0.01,100.81,,0.0000983,98.33,0.01,101.8,0.0000752,75.19,0.01,11.1,0.000336,335.97,0.02,111.1,0.0000053,5.31,0.02,101.9,0.000016,16.02,27.81,102,0.0000328,32.83,3.28,100.1,0.0000049,4.85,67.89,100.1,0.0000049,4.85,67.89,101.85,0.0000056,5.55,5.57
VOB 6544,TETEMAN,TETEMA,VODAFONE,959.2,0.00002564,25.64,,0,959.2,,0.00002171,21.71,0,953.2,0.00000455,4.55,0,939.7,0.00001182,11.82,0,939.7,0.00001918,19.18,0,939.7,0.00001871,18.71,0,939.7,0.00001428,14.28,0,939.7,0.00000963,9.63,0,939.7,0.00000906,9.06,0,958.2,0.00001291,12.91,0
,Teteman,TETEMA,AIRTEL,951.6,0.00094578,945.78,,1.4,945.1,,0.00032249,322.49,0.82,951.1,0.00037862,378.62,0.9,953.3,0.00034916,349.16,0.88,946.3,0.00046792,467.92,1.03,952.3,0.00045735,457.35,0.98,952.8,0.00054207,542.07,0.85,952.8,0.00082763,827.63,1.33,952.8,0.00058745,587.45,1.1,952.8,0.00086854,868.54,1.09
2800,2800TOMEGBE,TOMEGBE,MTN,956.7,0.0000024,2.43,0.00000243,0.07,958.7,,0.0000013,1.29,0.05,959.2,0.0000015,1.48,0.05,958.2,0.0000014,1.37,0.05,957.7,0.0000017,1.72,0.05,959.2,0.0000025,2.52,0.07,958.7,0.0000041,4.08,0.1,953.7,0.0000032,3.2,0.08,956.7,0.0000027,2.69,0.07,953.7,0.0000017,1.73,0.06
3767,3767TSREPE,TREPE,MTN,959.2,0.0000265,26.54,0.00002654,0.23,957.7,,0.0000052,5.21,0.1,959.2,0.0000091,9.13,0.13,958.7,0.0000021,2.14,0.06,958.7,0.000001,1.01,0.04,958.7,0.0000043,4.3,0.09,958.2,0.0000132,13.21,0.16,958.7,0.000002,1.98,0.06,958.7,0.0000025,2.52,0.07,958.2,0.0000015,1.48,0.05
VR 3753,3753VAKPO,VAKPO  ,MTN,955.7,0.0005593,559.27,0.00055927,1.39,952.7,,0.0000015,1.54,1.79,958.2,0.0006655,665.52,1.17,952.7,0.0003758,375.77,0.96,958.7,0.0006342,634.16,1.23,935.2,0.0001895,189.54,0.62,988.2,0.0002318,231.8,0.75,953.2,0.0008808,880.82,1.35,953.2,0.0003892,389.23,1.09,954.2,0.0005072,507.16,1.02
4763,4763VAKPO_2,VAKPO 2,MTN,958.2,0.0008661,866.12,0.00086612,1.34,957.7,,0.0008516,851.59,1.33,958.2,0.0000011,1.13,1.53,958.2,0.000487,486.98,1,958.2,0.0005894,589.37,1.14,958.2,0.0007983,798.32,1.29,958.2,0.0009008,900.8,1.37,958.2,0.0000011,1.13,1.54,959.2,0.0006511,651.08,1.16,959.2,0.0005413,541.28,1.08
,VODOME,VODOME,MTN,957.2,0.0008128,812.79,0.00081279,1.3,953.7,,0.0004975,497.54,1.3,957.2,0.0004829,482.89,1,959.2,0.0007655,765.51,1.26,959.2,0.0005051,505.13,1.05,958.7,0.0007574,757.35,1.25,958.7,0.0008682,868.18,1.34,955.7,0.0006957,695.65,1.2,956.7,0.0003213,321.34,0.81,951.2,0.0006873,687.28,1.19
708,0708JASIKAN,Volta,MTN,951.4,0.000273,273,0.000273,0.06,935.1,,0.000271,271,0.05,952.7,0.000301,301,0.32,957.3,0.000472,472,0.57,953.1,0.0001812,181.2,0.83,953.1,0.0001981,198.1,0.85,,0,0,,,0,0,,,0,0,,,0,0,
,0713NKWANTA_VR,Volta,MTN,956.4,0.0001705,170.45,0.00017045,0.46,956.2,,0.0001299,129.91,0.21,958.7,0.0001762,176.15,0.59,,0,0,,,0,0,,,0,0,,,0,0,,,0,0,,,0,0,,,0,0,
,0782DODZE,Volta,MTN,957.2,0.0002609,260.91,0.00026091,0.22,957.2,,0.0002087,208.74,0.64,958.2,0.0002577,257.73,0.71,,0,0,,,0,0,,,0,0,,,0,0,,,0,0,,,0,0,,,0,0,
,0854KPASSAH,Volta,MTN,954.7,0.0004125,412.47,0.00041247,0.92,954.7,,0.0005672,567.17,1.08,947.2,0.0005097,509.69,4.03,,0,0,,,0,0,,,0,0,,,0,0,,,0,0,,,0,0,,,0,0,
,1729KPEDZE,Volta,mtn/Airtel,954.2,0.00025173,251.73,,0.73,954.2,,0.00019258,192.58,0.47,959.2,0.00010761,107.61,0.47,,,0,,,,0,,,,,,,,,,,,,,,,,,,,0,
1137,1737NKONYA,Volta,MTN,957.7,0.0003339,333.9,0.0003339,0.8,957.7,,0.0004869,486.94,1.08,958.2,0.0004704,470.4,1.01,956.7,0.0003009,300.87,0.79,958.2,0.0000582,58.2,237.05,957.7,0.0001367,136.66,1.065,,0.0009582,958.2,44.83,,0,0,,,0,0,,,0,0,
,2704NKWANTA_VR2,Volta,MTN,939.2,0.0002264,226.36,0.00022636,0.66,939.2,,0.0002689,268.93,0.76,957.2,0.0001929,192.92,0.63,,0,0,,,0,0,,,0,0,,,0,0,,,0,0,,,0,0,,,0,0,
,2709SIBI_HILL,Volta,MTN,952.7,0.0000379,37.92,0.00003792,0.28,952.7,,0.000047,46.95,0.31,958.7,0.0000499,49.89,0.32,,0,0,,,0,0,,,0,0,,,0,0,,,0,0,,,0,0,,,0,0,
,3759WUMENU,Volta,MTN,947.2,0.0000575,57.48,0.00005748,0.4,952.2,,0.000031,31.03,0.29,940.2,0.0000525,52.53,0.34,,0,0,,,0,0,,,0,0,,,0,0,,,0,0,,,0,0,,,0,0,
,3762BONAKYE,Volta,MTN,936.2,0.0000025,2.53,0.00000253,2.29,947.2,,0.0000029,2.89,2.45,954.2,0.0000015,1.51,1.95,,0,0,,,0,0,,,0,0,,,0,0,,,0,0,,,0,0,,,0,0,
,3785DZOLO,Volta,MTN,958.7,0.000006,6.02,0.00000602,0.11,957.7,,0.0000091,9.1,0.13,958.2,0.0000118,11.75,0.15,,0,0,,,0,0,,,0,0,,,0,0,,,0,0,,,0,0,,,0,0,
,3860HO_AWATDOME,Volta,MTN,958.7,0.0006249,624.92,0.00062492,1.13,959.2,,0.0002942,294.2,0.78,957.7,0.0006986,698.55,1.2,,0,0,,,0,0,,,0,0,,,0,0,,,0,0,,,0,0,,,0,0,
,Anloga,Volta,airtel,956.2,0.00011343,113.43,,0.49,958.2,,0.00017993,179.93,0.61,957.7,0.00004465,44.65,0.3,,,0,,,,0,,,,0,,,,,,,,,,,,,,,,,
,Dzolo ,Volta,VODAFONE,956.7,0.00019356,193.56,,0.02,958.7,,0.00036697,366.97,0.03,950.7,0.00025371,253.71,0.02,,,0,,,,0,,,,,,,,,,,,,,,,,,,,0,
,Mafi Kumase,Volta,Tigo,958.7,0.00002037,20.37,,0.21,954.2,,0.00001662,16.62,0.32,956.7,0.00004986,49.86,0.32,,,0,,,,0,,,,0,,,,,,,,,,,,,,,,,
,Trope,Volta,MTN,959.2,0.0000265,26.54,0.00002654,0.23,958.7,,0.0000052,5.21,0.1,959.2,0.0000091,9.13,0.13,,0,0,,,0,0,,,0,0,,,0,0,,,0,0,,,0,0,,,0,0,
,VAKPO,Volta,VODAFONE,945.7,0.00004799,47.99,,0.32,947.7,,0.00004259,42.59,0.3,948.7,0.00003427,34.27,0.27,,,0,,,,0,,,,0,,,,,,,,,,,,,,,,,
,Worawora,Volta,tigo,946.2,0.00034926,349.26,,0.85,946.2,,0.00040106,401.06,0.98,939.2,0.0003193,319.3,0.85,939.2,0.00018512,185.12,0.62,945.7,0.00004232,42.32,0.29,951.3,0.00008362,83.62,0.4,,,,,,,,,,,,,,,,
,2806WAYA,WAYA,MTN,954.2,0.0001022,102.23,0.00010223,0.01,956.2,,0.0006658,665.77,0.04,957.2,0.0000022,2.16,0.07,952.2,0.0002239,223.94,0.68,954.2,0.0002202,220.22,0.8,954.2,0.000081,81,0.41,954.7,0.0000112,11.22,0.18,954.7,0.000123,122.96,0.5,958.2,0.0000808,80.79,0.41,956.2,0.0000274,27.41,0.23
,3754WEGBE,WEGBE,MTN,958.2,0.000501,501.01,0.00050101,1.02,958.2,,0.0001042,104.24,0.17,955.7,0.0000197,19.71,0.2,958.2,0.0000177,17.71,0.19,955.7,0.0000091,9.05,0.13,955.7,0.0000118,11.78,0.15,956.2,0.0000124,12.36,0.16,956.2,0.0000201,20.11,0.2,956.2,0.000017,16.95,0.19,958.2,0.0000205,20.53,0.2
,3754WEGBE,WEGE,MTN,958.2,0.000501,501.01,0.00050101,1.02,958.2,,0.0001042,104.24,0.17,955.7,0.0000197,19.71,0.2,958.2,0.0000177,17.71,0.19,955.7,0.0000091,9.05,0.13,955.7,0.0000118,11.78,0.15,956.2,0.0000124,12.36,0.16,956.2,0.0000201,20.11,0.2,956.2,0.000017,16.95,0.19,958.2,0.0000205,20.53,0.2
,0851WOE,WOE,MTN,958.2,0.0008291,829.06,0.00082906,1.31,958.2,,0.0000015,1.51,1.77,953.2,0.0007768,776.8,1.27,958.2,0.0007899,789.85,1.28,956.71,0.0000072,7.18,1.56,956.7,0.0000011,1.14,1.54,959.2,0.0007607,760.72,1.31,953.7,0.0002974,297.35,0.78,958.7,0.0008441,844.08,1.32,958.7,0.0008024,802.4,1.3
VOB6583,WOE,WOE,VODAFONE,953.2,0.00003269,32.69,,0.26,953.2,,0.00000426,4.26,0.1,953.2,0.0000045,4.5,0.09,453.2,0.0000192,19.2,0.2,953.2,0.00000949,9.49,0.14,953.2,0.00000964,9.64,0.14,940.2,0.00001574,15.74,0.18,953.2,0.00002115,21.15,0.21,953.2,0.00003098,30.98,0.25,953.2,0.00000319,3.19,0.08
852,0852ZIOPE,ZIOPE,MTN,945.8,0.0008138,813.75,0.00081375,1.03,951.9,,0.0005596,559.6,1.18,951.9,0.0000239,23.94,0.27,955.8,0.000389,388.95,0.9,952.2,0.0000508,50.77,0.32,952.2,0.0000452,45.15,0.3,953.7,0.0000417,41.7,0.48,957.2,0.0000962,96.22,0.44,951.2,0.0000347,34.7,0.26,951.2,0.0000849,84.89,0.22
,0852ZIOPE,ZIOPE,MTN,945.8,0.0005138,513.75,0.00051375,103,951.9,,0.0005597,559.66,1.18,951.9,0.0000239,23.94,0.22,955.8,0.000389,388.95,0.9,952.2,0.0000508,50.77,0.32,952.2,0.0000452,45.15,0.3,953.7,0.0000417,41.7,0.48,957.2,0.0000962,96.22,0.44,952.2,0.0000347,34.7,0.26,952.2,0.0000849,84.89,0.42
,ZIOPE,ZIOPE,TIGO,945.7,0.0000043,4.3,,0.09,947.2,,0.00000375,3.75,3.08,945.7,0.00005365,53.65,0.01,945.7,0.00010563,105.63,0.01,952.2,0.00016366,163.66,0.01,953.7,0.00015531,155.31,0.01,951.2,0.00009536,95.36,0.01,945.7,0.0000486,48.6,0.049,948.7,0.00003709,37.09,0.01,945.7,0.00001738,17.38,0.19
,ZIOPE,ZIOPE,VODAFONE,991.7,0.00006395,63.95,,0.01,931.2,,0.000043,43,0.3,931.7,0.00005519,55.19,0.34,945.7,0.000117,117,0.49,945.7,0.00008178,81.78,0.41,932.7,0.00003163,31.63,0.27,930.7,0.00002464,24.64,0.22,932.7,0.00005305,53.05,0.34,932.7,0.00002956,29.56,0.26,931.2,0.00005822,58.22,0.34
,ZIOPE,ZIOPE,VODAFONE,991.7,0.00006395,63.95,,0.01,931.2,,0.000043,43,0.3,931.7,0.00005519,55.19,0.34,945.7,0.000117,117,0.49,945.7,0.00000878,8.78,0.41,937.7,0.00003163,31.63,0.27,930.7,0.00002464,24.64,0.22,932.7,0.00005305,53.05,0.38,932.7,0.00002956,29.56,0.26,931.2,0.00005822,58.22,0.34
,ACHITEFE,ZIPOE,VODAFON/AIRTEL,950.2,0.00006927,69.27,,0.38,958.2,,0.00001965,19.65,0.2,950.2,0.00002884,28.84,0.25,945.7,0.0000447,44.7,0.8,943.7,0.0000507,50.7,0.33,954.2,0.00003465,34.65,0.27,954.2,0.00009359,93.59,0.45,953.7,0.00005558,55.58,0.33,950.2,0.00006395,63.95,0.36,943.7,0.00006378,63.78,0.36
,Ziope,ZIPOE,TIGO,945.7,0.0000043,4.3,,0.09,947.2,,0.00000375,3.75,3.08,945.7,0.00005365,53.65,0.01,945.7,0.00010563,105.63,0.01,952.2,0.00016366,163.66,0.01,953.7,0.00015531,155.31,0.01,951.2,0.00009536,95.36,0.01,945.7,0.0000486,48.6,0.49,948.7,0.00003709,37.09,0.01,945.7,0.00001738,17.38,0.19
